,AAPL,CGC,AMD,EWZ,MCD,XLF,XLE,SQ
09:31:43,218.43800354003906,49.435001373291016,26.816699981689453,39.0099983215332,166.72000122070312,26.520000457763672,72.09500122070312,76.79000091552734
09:32:13,218.39700317382812,49.47129821777344,26.760000228881836,39.0,166.99000549316406,26.475000381469727,72.06999969482422,76.9209976196289
09:32:43,218.66000366210938,49.41680145263672,26.844999313354492,39.0,167.0,26.440000534057617,72.05999755859375,76.67859649658203
09:33:13,218.86000061035156,49.42509841918945,26.760000228881836,39.0526008605957,166.8000030517578,26.450000762939453,72.13999938964844,76.6636962890625
09:33:43,219.32000732421875,49.59709930419922,26.780000686645508,39.06999969482422,166.4199981689453,26.45989990234375,72.20999908447266,77.12000274658203
09:34:13,219.32249450683594,49.53990173339844,26.75,39.060001373291016,166.8699951171875,26.43000030517578,72.19000244140625,77.23989868164062
09:34:43,219.0299072265625,49.15999984741211,26.6299991607666,39.060001373291016,166.9149932861328,26.454999923706055,72.13999938964844,77.05999755859375
09:35:13,218.80999755859375,49.05440139770508,26.610000610351562,39.119998931884766,166.9199981689453,26.479999542236328,72.20999908447266,77.29989624023438
09:35:43,218.8000030517578,48.869998931884766,26.68000030517578,39.20500183105469,166.97500610351562,26.489999771118164,72.26000213623047,77.41000366210938
09:36:13,218.9199981689453,48.747398376464844,26.639999389648438,39.19499969482422,166.8300018310547,26.489999771118164,72.19999694824219,77.29000091552734
09:36:43,219.07000732421875,48.83000183105469,26.760000228881836,39.18000030517578,166.82000732421875,26.489999771118164,72.22000122070312,77.72000122070312
09:37:13,219.1898956298828,48.77000045776367,26.770000457763672,39.22999954223633,167.2100067138672,26.510000228881836,72.30000305175781,77.83670043945312
09:37:43,219.02999877929688,48.809898376464844,26.760000228881836,39.220001220703125,167.36000061035156,26.510000228881836,72.2300033569336,77.88999938964844
09:38:13,219.1699981689453,48.75,26.852800369262695,39.209999084472656,167.36000061035156,26.530000686645508,72.0999984741211,78.03040313720703
09:38:43,219.0449981689453,48.849998474121094,26.829999923706055,39.220001220703125,167.11000061035156,26.524999618530273,72.1500015258789,78.0199966430664
09:39:13,219.1638946533203,48.869998931884766,26.84000015258789,39.220001220703125,167.25,26.559999465942383,72.18000030517578,78.55999755859375
09:39:43,219.1999969482422,48.97999954223633,26.884599685668945,39.25,167.25,26.575000762939453,72.18000030517578,78.3010025024414
09:40:13,219.30999755859375,48.845001220703125,26.926000595092773,39.27000045776367,167.2989044189453,26.579999923706055,72.19999694824219,77.93620300292969
09:40:43,219.36000061035156,48.80500030517578,26.83009910583496,39.27000045776367,167.08999633789062,26.565000534057617,72.12999725341797,78.06999969482422
09:41:13,219.43519592285156,48.6068000793457,26.889999389648438,39.29999923706055,167.1199951171875,26.610000610351562,72.25,78.36009979248047
09:41:43,219.02999877929688,49.369998931884766,26.899999618530273,39.31999969482422,167.0496063232422,26.635000228881836,72.19999694824219,78.58000183105469
09:42:13,219.3000030517578,49.63999938964844,26.91990089416504,39.29999923706055,167.0,26.6299991607666,72.19000244140625,78.30999755859375
09:42:43,219.24000549316406,50.060001373291016,26.8700008392334,39.279998779296875,166.97999572753906,26.649999618530273,72.2249984741211,78.38619995117188
09:43:13,219.3800048828125,50.111900329589844,26.889999389648438,39.29999923706055,167.0,26.655000686645508,72.31500244140625,78.45999908447266
09:43:43,219.30250549316406,50.37730026245117,26.950000762939453,39.33000183105469,166.94000244140625,26.65999984741211,72.31999969482422,78.62000274658203
09:44:13,219.3699951171875,50.69969940185547,26.885000228881836,39.29999923706055,166.8699951171875,26.65999984741211,72.29000091552734,78.53459930419922
09:44:43,219.24000549316406,50.7400016784668,26.8700008392334,39.290000915527344,166.89999389648438,26.665000915527344,72.30000305175781,78.60990142822266
09:45:33,219.46009826660156,50.86640167236328,26.93000030517578,39.33000183105469,167.10000610351562,26.670000076293945,72.37999725341797,78.34590148925781
09:46:03,219.2899932861328,50.88990020751953,26.90999984741211,39.29840087890625,167.10000610351562,26.690000534057617,72.43000030517578,78.30139923095703
09:46:33,219.2100067138672,50.689998626708984,26.850000381469727,39.29999923706055,166.9499969482422,26.700000762939453,72.44499969482422,78.18000030517578
09:47:03,219.0,50.619998931884766,26.809999465942383,39.314998626708984,166.92999267578125,26.700000762939453,72.37000274658203,78.02999877929688
09:47:33,219.05999755859375,50.63999938964844,26.815000534057617,39.310001373291016,167.0399932861328,26.690000534057617,72.33000183105469,78.0
09:48:12,218.83999633789062,50.81999969482422,26.774999618530273,39.25,166.89999389648438,26.68000030517578,72.31999969482422,77.94000244140625
09:48:42,218.97999572753906,50.650699615478516,26.760000228881836,39.290000915527344,166.85000610351562,26.690000534057617,72.37999725341797,77.87000274658203
09:49:17,219.1497039794922,50.37009811401367,26.770000457763672,39.2599983215332,166.92999267578125,26.690000534057617,72.38800048828125,78.04769897460938
09:49:57,219.0399932861328,50.435001373291016,26.719999313354492,39.22999954223633,166.85000610351562,26.69499969482422,72.4000015258789,78.04000091552734
09:50:27,219.1999969482422,50.52000045776367,26.774999618530273,39.29999923706055,166.8800048828125,26.71500015258789,72.44999694824219,78.0
09:51:08,219.50999450683594,50.77000045776367,26.860000610351562,39.35499954223633,166.9600067138672,26.709999084472656,72.42500305175781,78.22000122070312
09:51:44,219.52000427246094,50.619998931884766,26.770000457763672,39.310001373291016,166.99000549316406,26.709999084472656,72.41000366210938,78.12000274658203
09:52:22,219.38999938964844,50.75,26.755699157714844,39.310001373291016,166.99000549316406,26.719999313354492,72.41999816894531,77.94730377197266
09:52:52,219.35040283203125,50.59000015258789,26.735000610351562,39.31999969482422,167.02999877929688,26.729999542236328,72.5,77.80000305175781
09:53:22,219.4600067138672,50.61000061035156,26.719999313354492,39.310001373291016,167.0,26.71489906311035,72.47000122070312,77.68000030517578
09:53:56,219.74940490722656,50.709999084472656,26.719999313354492,39.36000061035156,166.97999572753906,26.709999084472656,72.48999786376953,77.63079833984375
09:54:26,219.639892578125,50.77000045776367,26.690000534057617,39.375,167.01499938964844,26.725000381469727,72.47000122070312,77.73999786376953
09:54:56,219.66000366210938,50.86000061035156,26.64299964904785,39.34000015258789,167.11000061035156,26.75,72.4800033569336,77.73999786376953
09:55:32,219.92799377441406,51.084999084472656,26.68000030517578,39.31999969482422,167.07000732421875,26.756799697875977,72.47000122070312,77.9000015258789
09:56:06,219.9250030517578,51.119300842285156,26.717300415039062,39.375,167.0399932861328,26.760000228881836,72.4800033569336,77.8301010131836
09:56:49,219.9499969482422,51.089599609375,26.690000534057617,39.310001373291016,167.0,26.75119972229004,72.4800033569336,77.7699966430664
09:57:33,219.88999938964844,50.942298889160156,26.63990020751953,39.28499984741211,167.0500030517578,26.7450008392334,72.41999816894531,77.91999816894531
09:58:03,219.82020568847656,50.939998626708984,26.607500076293945,39.290000915527344,167.10000610351562,26.729999542236328,72.43000030517578,77.85279846191406
09:58:33,219.81500244140625,50.87710189819336,26.569000244140625,39.27000045776367,167.05999755859375,26.740100860595703,72.4000015258789,77.47000122070312
09:59:04,219.6199951171875,50.713600158691406,26.59000015258789,39.22840118408203,167.00999450683594,26.740100860595703,72.41999816894531,77.69499969482422
09:59:42,219.72999572753906,50.58530044555664,26.600000381469727,39.220001220703125,167.0124969482422,26.731399536132812,72.38999938964844,77.7239990234375
10:00:12,219.86000061035156,50.624000549316406,26.639999389648438,39.25,167.0,26.764999389648438,72.44000244140625,77.87000274658203
10:00:50,220.0399932861328,50.56999969482422,26.6200008392334,39.209999084472656,167.10000610351562,26.729999542236328,72.41999816894531,77.5199966430664
10:01:20,219.9199981689453,50.68000030517578,26.56999969482422,39.16999816894531,167.02000427246094,26.729999542236328,72.48999786376953,77.70999908447266
10:01:54,219.9407958984375,50.7692985534668,26.600000381469727,39.16999816894531,167.02999877929688,26.729999542236328,72.5,77.62000274658203
10:02:33,220.17250061035156,50.818199157714844,26.639999389648438,39.209999084472656,167.02999877929688,26.75,72.48999786376953,77.62000274658203
10:03:18,220.2899932861328,50.80780029296875,26.67770004272461,39.220001220703125,167.10000610351562,26.735000610351562,72.48999786376953,77.63999938964844
10:03:48,220.5500030517578,50.900001525878906,26.75,39.29999923706055,167.27000427246094,26.760099411010742,72.51000213623047,77.70500183105469
10:04:18,220.69000244140625,50.94990158081055,26.729999542236328,39.34000015258789,167.2899932861328,26.795000076293945,72.58000183105469,77.87000274658203
10:04:48,220.54029846191406,50.689998626708984,26.69700050354004,39.290000915527344,167.26840209960938,26.799999237060547,72.5199966430664,77.73999786376953
10:05:34,220.72000122070312,50.56079864501953,26.773500442504883,39.314998626708984,167.35000610351562,26.80500030517578,72.54000091552734,77.8499984741211
10:06:08,220.7100067138672,50.65919876098633,26.76099967956543,39.31999969482422,167.4149932861328,26.818199157714844,72.5199966430664,77.73999786376953
10:06:42,220.80999755859375,50.68000030517578,26.756500244140625,39.29999923706055,167.22000122070312,26.790000915527344,72.5,77.7300033569336
10:07:31,220.63999938964844,50.529998779296875,26.719999313354492,39.29499816894531,167.27630615234375,26.780000686645508,72.44999694824219,77.62999725341797
10:08:07,220.55999755859375,50.29079818725586,26.690000534057617,39.22999954223633,167.22000122070312,26.764999389648438,72.40339660644531,77.51000213623047
10:08:38,220.58999633789062,50.40999984741211,26.665000915527344,39.220001220703125,167.2899932861328,26.780000686645508,72.37000274658203,77.43000030517578
10:09:08,220.64999389648438,50.5,26.684999465942383,39.249900817871094,167.32249450683594,26.780000686645508,72.44999694824219,77.48500061035156
10:09:52,220.6300048828125,50.5171012878418,26.719999313354492,39.290000915527344,167.1199951171875,26.770000457763672,72.43000030517578,77.5
10:10:25,220.6071014404297,50.36000061035156,26.7101993560791,39.2599983215332,167.03500366210938,26.770000457763672,72.43000030517578,77.4010009765625
10:10:55,220.5399932861328,50.33000183105469,26.675100326538086,39.2400016784668,167.0,26.764999389648438,72.37999725341797,77.41000366210938
10:11:25,220.56570434570312,50.38999938964844,26.66990089416504,39.23500061035156,167.02999877929688,26.764999389648438,72.41000366210938,77.36139678955078
10:11:55,220.35899353027344,50.069801330566406,26.610000610351562,39.209999084472656,167.02999877929688,26.739999771118164,72.36990356445312,77.14730072021484
10:12:25,220.44000244140625,49.95000076293945,26.570999145507812,39.220001220703125,166.92999267578125,26.729999542236328,72.3499984741211,77.27239990234375
10:12:55,220.2301025390625,50.04999923706055,26.58989906311035,39.189998626708984,166.88999938964844,26.739999771118164,72.31999969482422,77.23999786376953
10:13:28,220.30999755859375,50.04800033569336,26.559999465942383,39.189998626708984,166.97000122070312,26.719999313354492,72.29000091552734,77.2699966430664
10:14:03,220.2899932861328,50.18000030517578,26.524999618530273,39.16999816894531,166.9600067138672,26.729999542236328,72.33000183105469,77.23200225830078
10:14:46,220.19000244140625,50.17499923706055,26.549999237060547,39.119998931884766,166.97000122070312,26.729999542236328,72.25,77.04000091552734
10:15:21,220.22000122070312,50.255001068115234,26.566699981689453,39.14500045776367,167.04629516601562,26.739999771118164,72.26000213623047,77.11000061035156
10:16:10,220.2154998779297,50.410400390625,26.54010009765625,39.11000061035156,167.0,26.760000228881836,72.27999877929688,76.98560333251953
10:16:45,220.08999633789062,50.34659957885742,26.549999237060547,39.08000183105469,167.0,26.760000228881836,72.30000305175781,77.16899871826172
10:17:24,220.04010009765625,50.29999923706055,26.579999923706055,39.130001068115234,166.9600067138672,26.760000228881836,72.30999755859375,77.26000213623047
10:17:54,220.10220336914062,50.34080123901367,26.613399505615234,39.130001068115234,166.9499969482422,26.760000228881836,72.30000305175781,77.04000091552734
10:18:24,220.05999755859375,50.220401763916016,26.530000686645508,39.09000015258789,166.9600067138672,26.7549991607666,72.26000213623047,76.97000122070312
10:18:54,219.9550018310547,50.24959945678711,26.530000686645508,39.10499954223633,166.99000549316406,26.77989959716797,72.27999877929688,77.06500244140625
10:19:31,219.99000549316406,50.27410125732422,26.520000457763672,39.09000015258789,167.02999877929688,26.790000915527344,72.30000305175781,76.76270294189453
10:20:30,220.0200958251953,50.14739990234375,26.520000457763672,39.130001068115234,167.02999877929688,26.790000915527344,72.3499984741211,76.87999725341797
10:21:06,220.1300048828125,50.09000015258789,26.53380012512207,39.11000061035156,167.02999877929688,26.790000915527344,72.30000305175781,76.93000030517578
10:22:40,220.1999969482422,50.060001373291016,26.540000915527344,39.130001068115234,167.06329345703125,26.760000228881836,72.33000183105469,76.83390045166016
10:23:20,220.30999755859375,49.95009994506836,26.56999969482422,39.17499923706055,167.1199951171875,26.7450008392334,72.30500030517578,77.08000183105469
10:23:50,220.4199981689453,49.88999938964844,26.600000381469727,39.209999084472656,167.19500732421875,26.760000228881836,72.33999633789062,76.98999786376953
10:24:20,220.22000122070312,49.790000915527344,26.530000686645508,39.18000030517578,167.08999633789062,26.739999771118164,72.27999877929688,77.0199966430664
10:24:56,220.22000122070312,49.933799743652344,26.690000534057617,39.20000076293945,167.0500030517578,26.729999542236328,72.26000213623047,77.06999969482422
10:25:28,220.42999267578125,49.9900016784668,26.670000076293945,39.220001220703125,167.10000610351562,26.75,72.27999877929688,77.12000274658203
10:25:58,220.3699951171875,50.119998931884766,26.63990020751953,39.20000076293945,167.14999389648438,26.760000228881836,72.27999877929688,76.9800033569336
10:26:37,220.1699981689453,50.016300201416016,26.59000015258789,39.13999938964844,167.0399932861328,26.7549991607666,72.18000030517578,76.93000030517578
10:27:18,220.19000244140625,50.15999984741211,26.610000610351562,39.09000015258789,166.97999572753906,26.770000457763672,72.1500015258789,77.04000091552734
10:27:55,220.16000366210938,50.15380096435547,26.600000381469727,39.130001068115234,167.0,26.764999389648438,72.12999725341797,76.94999694824219
10:28:40,220.22000122070312,50.02000045776367,26.639999389648438,39.119998931884766,167.02999877929688,26.7450008392334,72.12999725341797,76.98999786376953
10:29:16,220.33999633789062,49.959999084472656,26.639999389648438,39.11000061035156,167.0399932861328,26.739999771118164,72.1500015258789,77.05999755859375
10:29:46,220.33090209960938,50.03990173339844,26.655000686645508,39.099998474121094,167.0574951171875,26.74449920654297,72.18000030517578,77.11289978027344
10:30:16,220.38400268554688,49.94499969482422,26.65999984741211,39.04999923706055,167.10000610351562,26.735000610351562,72.16999816894531,77.23590087890625
10:30:46,220.36000061035156,50.0,26.676700592041016,39.060001373291016,167.1365966796875,26.729999542236328,72.22000122070312,77.47000122070312
10:31:16,220.42999267578125,49.974998474121094,26.655000686645508,39.060001373291016,167.14999389648438,26.735000610351562,72.2699966430664,77.47000122070312
10:31:46,220.42999267578125,49.942100524902344,26.665199279785156,39.06999969482422,167.19000244140625,26.739999771118164,72.29000091552734,77.47000122070312
10:32:20,220.42999267578125,50.08000183105469,26.637300491333008,39.08000183105469,167.1649932861328,26.75,72.30999755859375,77.51499938964844
10:33:05,220.6667022705078,50.26729965209961,26.75,39.099998474121094,167.35000610351562,26.75,72.33999633789062,77.68000030517578
10:33:35,220.8300018310547,50.27000045776367,26.780000686645508,39.08000183105469,167.47999572753906,26.75,72.37000274658203,77.72000122070312
10:34:05,220.8699951171875,50.334999084472656,26.764999389648438,39.099998474121094,167.4600067138672,26.770000457763672,72.37999725341797,77.76490020751953
10:34:38,221.0,50.343101501464844,26.799999237060547,39.060001373291016,167.47000122070312,26.767900466918945,72.37000274658203,77.83000183105469
10:35:12,221.0500030517578,50.34000015258789,26.774999618530273,39.040000915527344,167.4600067138672,26.780000686645508,72.36000061035156,77.68060302734375
10:36:00,221.10000610351562,50.35200119018555,26.7450008392334,39.06999969482422,167.42999267578125,26.78499984741211,72.31999969482422,77.72000122070312
10:37:47,220.89999389648438,50.13999938964844,26.69499969482422,38.970001220703125,167.2675018310547,26.770000457763672,72.26000213623047,77.54329681396484
10:38:43,220.72500610351562,50.24769973754883,26.71150016784668,38.970001220703125,167.2624969482422,26.75,72.31999969482422,77.39990234375
10:39:17,220.6199951171875,50.2400016784668,26.690000534057617,38.9900016784668,167.2100067138672,26.7549991607666,72.29000091552734,77.58000183105469
10:39:47,220.8300018310547,50.314998626708984,26.709999084472656,38.994998931884766,167.3249969482422,26.759899139404297,72.30000305175781,77.58999633789062
10:40:28,220.7104949951172,50.34000015258789,26.704999923706055,38.95000076293945,167.3300018310547,26.75,72.30999755859375,77.5999984741211
10:40:58,220.84710693359375,50.33000183105469,26.709999084472656,38.97999954223633,167.3300018310547,26.764999389648438,72.30999755859375,77.68000030517578
10:41:38,220.80999755859375,50.21500015258789,26.68000030517578,38.939998626708984,167.27999877929688,26.735000610351562,72.25,77.41000366210938
10:42:08,220.67999267578125,50.18000030517578,26.649999618530273,38.939998626708984,167.2100067138672,26.739999771118164,72.2699966430664,77.3499984741211
10:42:38,220.65020751953125,50.0619010925293,26.649900436401367,38.93000030517578,167.17999267578125,26.73590087890625,72.2699966430664,77.25650024414062
10:43:08,220.68060302734375,50.109901428222656,26.639999389648438,38.90999984741211,167.1199951171875,26.739999771118164,72.30999755859375,77.44000244140625
10:43:42,220.72360229492188,50.12810134887695,26.649999618530273,38.93000030517578,167.13999938964844,26.75,72.27999877929688,77.37999725341797
10:44:36,220.67999267578125,50.1349983215332,26.639999389648438,38.939998626708984,167.1300048828125,26.764999389648438,72.26000213623047,77.35340118408203
10:45:10,220.77000427246094,50.2234001159668,26.6299991607666,38.93000030517578,167.13999938964844,26.760099411010742,72.26000213623047,77.45999908447266
10:45:45,220.8300018310547,50.20000076293945,26.658899307250977,38.96500015258789,167.13999938964844,26.764999389648438,72.24500274658203,77.45999908447266
10:46:19,220.92999267578125,50.15650177001953,26.649799346923828,38.970001220703125,167.10000610351562,26.7450008392334,72.26000213623047,77.41999816894531
10:46:49,220.9149932861328,50.13999938964844,26.639999389648438,38.97999954223633,167.08999633789062,26.760000228881836,72.23999786376953,77.44000244140625
10:47:19,220.86000061035156,50.06999969482422,26.6299991607666,39.0,167.09500122070312,26.780000686645508,72.27999877929688,77.30580139160156
10:47:49,220.99819946289062,50.040000915527344,26.6299991607666,38.98500061035156,167.13999938964844,26.780000686645508,72.29000091552734,77.25879669189453
10:48:19,220.86000061035156,50.0,26.579999923706055,38.970001220703125,167.0500030517578,26.770000457763672,72.26499938964844,77.12999725341797
10:48:54,220.72999572753906,49.900001525878906,26.549999237060547,38.959999084472656,167.02999877929688,26.750099182128906,72.2699966430664,76.97329711914062
10:49:24,220.70640563964844,49.90769958496094,26.540000915527344,38.95000076293945,167.0500030517578,26.780000686645508,72.25,76.9000015258789
10:49:54,220.6999969482422,49.88079833984375,26.514999389648438,38.93000030517578,167.00999450683594,26.78499984741211,72.2300033569336,76.91000366210938
10:50:24,220.61000061035156,49.79999923706055,26.485000610351562,38.95000076293945,167.1199951171875,26.780000686645508,72.22000122070312,76.87989807128906
10:50:54,220.6199951171875,49.91999816894531,26.450000762939453,38.970001220703125,167.05499267578125,26.77630043029785,72.23999786376953,76.91999816894531
10:51:32,220.6999969482422,49.97090148925781,26.479999542236328,38.970001220703125,167.06500244140625,26.770000457763672,72.19000244140625,76.94999694824219
10:52:10,220.46800231933594,49.90999984741211,26.440099716186523,38.97999954223633,167.06500244140625,26.774999618530273,72.22000122070312,77.0
10:52:40,220.49639892578125,49.929901123046875,26.469999313354492,39.0,167.05999755859375,26.790000915527344,72.23999786376953,77.05999755859375
10:53:19,220.4600067138672,49.869998931884766,26.40999984741211,38.9900016784668,167.02999877929688,26.795000076293945,72.26499938964844,77.03630065917969
10:53:49,220.55999755859375,49.91299819946289,26.40999984741211,39.02000045776367,167.07000732421875,26.80500030517578,72.26499938964844,76.93000030517578
10:54:19,220.59249877929688,49.79999923706055,26.364999771118164,39.025001525878906,167.07000732421875,26.80660057067871,72.26000213623047,76.95999908447266
10:54:53,220.58999633789062,49.689998626708984,26.364999771118164,39.0099983215332,167.05999755859375,26.809999465942383,72.22000122070312,76.94999694824219
10:55:34,220.6573028564453,49.66999816894531,26.338699340820312,39.0,167.1199951171875,26.815000534057617,72.2300033569336,77.16999816894531
10:56:08,220.77000427246094,49.67319869995117,26.420000076293945,39.02000045776367,167.16000366210938,26.8257999420166,72.22000122070312,77.22959899902344
10:56:38,220.77450561523438,49.72919845581055,26.405000686645508,39.029998779296875,167.1699981689453,26.825000762939453,72.20999908447266,77.1500015258789
10:57:11,220.67990112304688,49.4900016784668,26.329999923706055,38.98500061035156,167.2100067138672,26.81999969482422,72.25,77.05999755859375
10:57:41,220.7386016845703,49.52870178222656,26.375,39.025001525878906,167.25999450683594,26.829999923706055,72.30999755859375,77.16000366210938
10:58:33,220.8000030517578,49.59000015258789,26.370100021362305,39.02840042114258,167.25999450683594,26.799999237060547,72.30999755859375,77.19000244140625
10:59:06,220.7552032470703,49.63710021972656,26.375,39.040000915527344,167.25,26.815000534057617,72.36000061035156,77.1769027709961
10:59:51,220.82000732421875,49.63999938964844,26.40999984741211,39.06999969482422,167.25999450683594,26.82990074157715,72.4000015258789,77.2699966430664
11:00:21,220.94000244140625,49.833499908447266,26.450000762939453,39.099998474121094,167.29989624023438,26.829999923706055,72.38999938964844,77.30000305175781
11:00:51,221.07000732421875,49.810001373291016,26.459999084472656,39.10499954223633,167.24000549316406,26.84000015258789,72.41999816894531,77.37999725341797
11:01:41,221.1300048828125,49.900001525878906,26.549999237060547,39.09000015258789,167.26499938964844,26.82990074157715,72.41000366210938,77.30000305175781
11:02:39,221.0399932861328,49.83000183105469,26.5,39.060001373291016,167.24009704589844,26.81999969482422,72.41000366210938,77.23899841308594
11:03:32,220.9698944091797,49.95899963378906,26.46500015258789,39.04999923706055,167.2100067138672,26.825000762939453,72.37000274658203,77.10379791259766
11:04:28,220.85000610351562,49.90999984741211,26.439899444580078,38.9900016784668,167.08999633789062,26.815000534057617,72.33000183105469,76.95610046386719
11:04:58,220.74000549316406,49.92620086669922,26.40850067138672,38.970001220703125,167.02769470214844,26.80500030517578,72.30000305175781,77.08999633789062
11:05:28,220.8101043701172,49.9390983581543,26.43000030517578,38.959999084472656,167.10499572753906,26.800100326538086,72.33000183105469,77.20680236816406
11:06:01,220.92999267578125,49.97999954223633,26.454999923706055,38.959999084472656,167.11000061035156,26.809999465942383,72.33999633789062,77.1500015258789
11:06:43,220.8800048828125,49.96009826660156,26.453899383544922,38.939998626708984,167.05999755859375,26.803499221801758,72.31800079345703,77.1541976928711
11:07:13,220.9199981689453,49.95209884643555,26.5,38.970001220703125,167.10000610351562,26.809999465942383,72.3499984741211,77.18000030517578
11:07:54,220.99000549316406,50.04800033569336,26.50200080871582,38.970001220703125,167.1199951171875,26.822900772094727,72.39199829101562,77.23999786376953
11:08:26,220.94000244140625,49.952701568603516,26.459999084472656,38.93000030517578,167.1199951171875,26.81999969482422,72.37999725341797,77.16999816894531
11:09:17,221.1300048828125,49.89799880981445,26.485000610351562,38.904998779296875,167.1107940673828,26.83690071105957,72.37000274658203,77.30000305175781
11:09:47,221.0522003173828,49.928199768066406,26.459999084472656,38.900001525878906,167.14999389648438,26.824499130249023,72.36000061035156,77.23750305175781
11:10:31,220.99000549316406,49.94279861450195,26.469999313354492,38.90999984741211,167.24000549316406,26.845800399780273,72.38999938964844,77.23999786376953
11:11:06,221.02999877929688,49.970001220703125,26.459999084472656,38.8849983215332,167.1699981689453,26.834999084472656,72.38999938964844,77.16400146484375
11:11:46,220.9600067138672,49.95090103149414,26.450000762939453,38.86000061035156,167.17059326171875,26.833099365234375,72.37000274658203,77.13040161132812
11:12:26,220.6699981689453,49.84000015258789,26.40999984741211,38.83000183105469,167.13499450683594,26.834999084472656,72.3499984741211,77.0
11:12:56,220.75880432128906,49.959999084472656,26.43000030517578,38.84000015258789,167.14999389648438,26.854999542236328,72.4000015258789,77.09500122070312
11:13:26,220.8699951171875,49.95000076293945,26.489999771118164,38.81999969482422,167.16000366210938,26.85449981689453,72.41000366210938,77.22000122070312
11:13:56,220.94000244140625,49.9900016784668,26.510000228881836,38.85499954223633,167.3300018310547,26.864999771118164,72.44999694824219,77.32640075683594
11:14:26,220.85069274902344,49.97999954223633,26.49679946899414,38.83000183105469,167.3300018310547,26.860000610351562,72.44999694824219,77.27999877929688
11:15:05,220.80999755859375,50.040000915527344,26.459999084472656,38.810001373291016,167.33999633789062,26.864999771118164,72.51000213623047,77.31999969482422
11:15:40,220.88999938964844,50.060001373291016,26.479999542236328,38.83000183105469,167.27999877929688,26.854999542236328,72.4800033569336,77.30000305175781
11:16:30,220.89999389648438,50.08000183105469,26.489999771118164,38.77000045776367,167.42999267578125,26.850000381469727,72.48999786376953,77.4800033569336
11:17:00,220.8699951171875,50.06999969482422,26.49679946899414,38.779998779296875,167.4499969482422,26.860000610351562,72.48999786376953,77.52020263671875
11:17:30,220.63999938964844,50.14099884033203,26.479999542236328,38.77000045776367,167.3699951171875,26.84000015258789,72.44999694824219,77.47250366210938
11:18:10,220.61000061035156,50.12030029296875,26.440000534057617,38.775001525878906,167.39999389648438,26.829999923706055,72.45999908447266,77.52980041503906
11:18:54,220.5500030517578,50.13159942626953,26.420000076293945,38.75,167.3800048828125,26.829999923706055,72.44999694824219,77.4999008178711
11:19:27,220.5,50.119998931884766,26.40999984741211,38.755001068115234,167.3800048828125,26.815000534057617,72.41999816894531,77.38999938964844
11:20:00,220.35000610351562,50.099998474121094,26.389999389648438,38.7400016784668,167.40499877929688,26.821500778198242,72.4000015258789,77.40509796142578
11:20:33,220.39959716796875,50.150001525878906,26.44499969482422,38.75,167.4250030517578,26.834999084472656,72.41000366210938,77.51000213623047
11:21:12,220.3695068359375,50.0,26.424999237060547,38.72999954223633,167.3699951171875,26.807300567626953,72.3364028930664,77.46499633789062
11:21:48,220.33999633789062,49.90999984741211,26.399999618530273,38.709999084472656,167.3227996826172,26.809999465942383,72.31999969482422,77.33000183105469
11:22:18,220.0399932861328,49.970001220703125,26.350000381469727,38.70000076293945,167.32000732421875,26.815900802612305,72.29499816894531,77.05000305175781
11:22:48,220.0399932861328,49.84000015258789,26.315000534057617,38.709999084472656,167.22000122070312,26.80500030517578,72.28500366210938,77.06079864501953
11:23:18,219.97999572753906,49.869998931884766,26.290000915527344,38.689998626708984,167.1699981689453,26.799999237060547,72.23999786376953,77.09110260009766
11:23:50,220.0498046875,49.93000030517578,26.280000686645508,38.709999084472656,167.22000122070312,26.799999237060547,72.2300033569336,77.08999633789062
11:24:32,220.0404052734375,49.857200622558594,26.263399124145508,38.7599983215332,167.27999877929688,26.799999237060547,72.25,77.09030151367188
11:25:18,219.9199981689453,49.72330093383789,26.196399688720703,38.75,167.27999877929688,26.80419921875,72.20999908447266,76.9209976196289
11:25:48,219.94000244140625,49.7400016784668,26.219999313354492,38.7599983215332,167.32000732421875,26.799999237060547,72.20999908447266,76.91999816894531
11:26:33,220.05999755859375,49.75,26.260000228881836,38.75,167.25999450683594,26.79010009765625,72.16999816894531,77.08499908447266
11:27:12,220.0850067138672,49.75960159301758,26.229999542236328,38.77349853515625,167.25999450683594,26.794200897216797,72.19999694824219,77.12999725341797
11:27:55,220.13999938964844,49.81230163574219,26.207700729370117,38.779998779296875,167.2404022216797,26.799999237060547,72.19999694824219,77.05249786376953
11:28:29,220.0500030517578,49.77899932861328,26.21500015258789,38.75,167.22999572753906,26.813600540161133,72.19999694824219,76.94000244140625
11:29:02,220.14019775390625,49.73569869995117,26.22599983215332,38.779998779296875,167.22999572753906,26.815000534057617,72.22000122070312,76.95999908447266
11:29:38,220.1300048828125,49.70000076293945,26.221399307250977,38.779998779296875,167.2899932861328,26.809999465942383,72.2300033569336,76.94000244140625
11:30:13,219.88999938964844,49.599998474121094,26.200000762939453,38.7400016784668,167.27000427246094,26.795000076293945,72.20999908447266,76.91000366210938
11:30:43,220.0399932861328,49.65999984741211,26.209999084472656,38.75,167.27490234375,26.799999237060547,72.19999694824219,76.91999816894531
11:31:21,220.02699279785156,49.61000061035156,26.209999084472656,38.77000045776367,167.27499389648438,26.794200897216797,72.19000244140625,76.91000366210938
11:31:56,219.92999267578125,49.58000183105469,26.18000030517578,38.75,167.27999877929688,26.799999237060547,72.19999694824219,76.91999816894531
11:32:36,219.83999633789062,49.564998626708984,26.135000228881836,38.72999954223633,167.19000244140625,26.774999618530273,72.12940216064453,76.65380096435547
11:33:06,219.69000244140625,49.52000045776367,26.104999542236328,38.70000076293945,167.16000366210938,26.78499984741211,72.1500015258789,76.75499725341797
11:33:36,219.6750030517578,49.540000915527344,26.094999313354492,38.72999954223633,167.17999267578125,26.764999389648438,72.12999725341797,76.74040222167969
11:34:10,219.60499572753906,49.5,26.010000228881836,38.720001220703125,167.1699981689453,26.760000228881836,72.11000061035156,76.76000213623047
11:34:40,219.64999389648438,49.59989929199219,26.0,38.76499938964844,167.27000427246094,26.770000457763672,72.1500015258789,76.83999633789062
11:35:24,219.74859619140625,49.522499084472656,26.024999618530273,38.77000045776367,167.3300018310547,26.78499984741211,72.12999725341797,76.70790100097656
11:35:59,219.58999633789062,49.560001373291016,26.02989959716797,38.7599983215332,167.27999877929688,26.760000228881836,72.05000305175781,76.61070251464844
11:36:33,219.41000366210938,49.470699310302734,25.979999542236328,38.78499984741211,167.27000427246094,26.7549991607666,72.05000305175781,76.4375
11:37:03,219.2899932861328,49.41999816894531,25.959999084472656,38.77000045776367,167.19000244140625,26.7450008392334,72.0199966430664,76.44270324707031
11:37:33,219.39840698242188,49.369998931884766,25.989999771118164,38.75,167.19000244140625,26.75,72.0,76.44000244140625
11:38:12,219.6999969482422,49.43069839477539,26.030000686645508,38.78499984741211,167.17999267578125,26.770000457763672,72.0199966430664,76.31999969482422
11:38:51,219.57000732421875,49.470001220703125,25.989999771118164,38.76499938964844,167.10000610351562,26.75,72.02999877929688,76.3489990234375
11:39:25,219.6300048828125,49.400001525878906,25.975000381469727,38.790000915527344,167.14999389648438,26.751300811767578,72.01000213623047,76.34010314941406
11:39:55,219.77000427246094,49.458499908447266,25.96500015258789,38.814998626708984,167.22000122070312,26.7549991607666,72.01000213623047,76.33679962158203
11:40:38,219.8000030517578,49.40999984741211,25.969999313354492,38.779998779296875,167.1273956298828,26.75,71.97000122070312,76.30999755859375
11:41:12,219.8300018310547,49.414798736572266,26.0,38.790000915527344,167.17999267578125,26.745399475097656,71.95999908447266,76.2699966430664
11:41:46,219.84500122070312,49.36989974975586,26.040000915527344,38.79999923706055,167.2100067138672,26.739900588989258,71.94999694824219,76.3499984741211
11:42:16,219.8000030517578,49.25,25.979999542236328,38.779998779296875,167.13999938964844,26.719999313354492,71.91999816894531,76.05000305175781
11:42:46,219.55999755859375,49.209999084472656,25.93000030517578,38.790000915527344,167.16000366210938,26.7450008392334,71.9800033569336,76.0
11:43:19,219.72959899902344,49.220001220703125,25.959999084472656,38.83000183105469,167.25,26.7549991607666,72.0,76.0999984741211
11:43:49,219.85009765625,49.28030014038086,25.96430015563965,38.83000183105469,167.27000427246094,26.7450008392334,71.98999786376953,76.1500015258789
11:44:19,219.7899932861328,49.36940002441406,25.93000030517578,38.83000183105469,167.32000732421875,26.744199752807617,72.01499938964844,76.09159851074219
11:44:53,219.67999267578125,49.40140151977539,25.950000762939453,38.84000015258789,167.32000732421875,26.745800018310547,72.0,76.19999694824219
11:45:23,219.6990966796875,49.440101623535156,25.950000762939453,38.869998931884766,167.36000061035156,26.760000228881836,72.06999969482422,76.4000015258789
11:45:53,219.8699951171875,49.5525016784668,25.979999542236328,38.869998931884766,167.39999389648438,26.75,72.05999755859375,76.37000274658203
11:46:23,219.8699951171875,49.587799072265625,25.96500015258789,38.869998931884766,167.39999389648438,26.75,72.08000183105469,76.30609893798828
11:46:58,219.9600067138672,49.560001373291016,25.979900360107422,38.900001525878906,167.42999267578125,26.759000778198242,72.08000183105469,76.22000122070312
11:47:28,219.93930053710938,49.541500091552734,25.96500015258789,38.869998931884766,167.42999267578125,26.75,72.08000183105469,76.23999786376953
11:48:21,219.82000732421875,49.58000183105469,25.989999771118164,38.869998931884766,167.4199981689453,26.760900497436523,72.08000183105469,76.18080139160156
11:49:00,219.81500244140625,49.55329895019531,25.975000381469727,38.84000015258789,167.42999267578125,26.7549991607666,72.06999969482422,76.11000061035156
11:49:50,219.6999969482422,49.42900085449219,25.920000076293945,38.8650016784668,167.47999572753906,26.7549991607666,72.08000183105469,76.0199966430664
11:50:30,219.8300018310547,49.4900016784668,25.9601993560791,38.86000061035156,167.47999572753906,26.774999618530273,72.13999938964844,76.11000061035156
11:51:00,219.9499969482422,49.439998626708984,25.968900680541992,38.8650016784668,167.50999450683594,26.790000915527344,72.1500015258789,76.2605972290039
11:51:30,220.0399932861328,49.38999938964844,25.967199325561523,38.880001068115234,167.47999572753906,26.790000915527344,72.1500015258789,76.26000213623047
11:52:00,220.00999450683594,49.36000061035156,25.950000762939453,38.849998474121094,167.52999877929688,26.78499984741211,72.13999938964844,76.13999938964844
11:52:44,219.91000366210938,49.32080078125,25.905000686645508,38.81999969482422,167.5,26.775800704956055,72.1500015258789,75.99079895019531
11:53:24,219.6300048828125,49.220001220703125,25.850000381469727,38.814998626708984,167.42999267578125,26.780000686645508,72.16000366210938,75.91999816894531
11:53:54,219.19000244140625,49.21950149536133,25.850000381469727,38.7599983215332,167.3800048828125,26.764999389648438,72.19000244140625,75.77999877929688
11:54:24,219.27859497070312,49.28900146484375,25.84000015258789,38.7599983215332,167.39999389648438,26.764999389648438,72.18000030517578,75.72869873046875
11:54:57,219.1300048828125,49.28329849243164,25.799999237060547,38.7599983215332,167.3800048828125,26.760499954223633,72.16999816894531,75.62000274658203
11:55:30,219.05999755859375,49.29410171508789,25.799999237060547,38.75,167.3800048828125,26.780000686645508,72.18000030517578,75.6874008178711
11:56:03,219.00570678710938,49.33700180053711,25.774999618530273,38.720001220703125,167.49000549316406,26.780000686645508,72.20999908447266,75.69999694824219
11:56:33,219.27999877929688,49.505001068115234,25.809999465942383,38.775001525878906,167.4600067138672,26.799999237060547,72.23999786376953,75.87000274658203
11:57:04,219.193603515625,49.369998931884766,25.789899826049805,38.78499984741211,167.52000427246094,26.78580093383789,72.25,75.66999816894531
11:57:43,219.3300018310547,49.5077018737793,25.820999145507812,38.86000061035156,167.5500030517578,26.795000076293945,72.25,75.72010040283203
11:58:14,219.39950561523438,49.589900970458984,25.843900680541992,38.86000061035156,167.5399932861328,26.80500030517578,72.25,75.88999938964844
11:58:44,219.64999389648438,49.75,25.889999389648438,38.88999938964844,167.6300048828125,26.815000534057617,72.30999755859375,75.95999908447266
11:59:14,219.53500366210938,49.65570068359375,25.90999984741211,38.88999938964844,167.6199951171875,26.81999969482422,72.33000183105469,76.06829833984375
11:59:44,219.8000030517578,49.435001373291016,25.893299102783203,38.880001068115234,167.6999053955078,26.820100784301758,72.31999969482422,76.0
12:00:27,219.77000427246094,49.5,25.8799991607666,38.869998931884766,167.8000030517578,26.825000762939453,72.30000305175781,75.92130279541016
12:01:06,219.6999969482422,49.349998474121094,25.84000015258789,38.900001525878906,167.77000427246094,26.829999923706055,72.31999969482422,75.79000091552734
12:01:46,219.69000244140625,49.42499923706055,25.809999465942383,38.90999984741211,167.77000427246094,26.829999923706055,72.3499984741211,75.77999877929688
12:02:26,219.60000610351562,49.38999938964844,25.798500061035156,38.88999938964844,167.75999450683594,26.815000534057617,72.31999969482422,75.79000091552734
12:03:06,219.50999450683594,49.339900970458984,25.729999542236328,38.875,167.7449951171875,26.803600311279297,72.2699966430664,75.81999969482422
12:03:45,219.72000122070312,49.27000045776367,25.729999542236328,38.869998931884766,167.77000427246094,26.809900283813477,72.27999877929688,75.83999633789062
12:04:21,219.69000244140625,49.29999923706055,25.690000534057617,38.849998474121094,167.77000427246094,26.815000534057617,72.25,75.62000274658203
12:04:51,219.67999267578125,49.25,25.670000076293945,38.86000061035156,167.8000030517578,26.81999969482422,72.23999786376953,75.58000183105469
12:05:21,219.83999633789062,49.27000045776367,25.66200065612793,38.91999816894531,167.77999877929688,26.84000015258789,72.30000305175781,75.79119873046875
12:05:51,219.7667999267578,49.3473014831543,25.679100036621094,38.90999984741211,167.8699951171875,26.829999923706055,72.23999786376953,75.66999816894531
12:06:21,219.68460083007812,49.25,25.700000762939453,38.89500045776367,167.85000610351562,26.825000762939453,72.20999908447266,75.66999816894531
12:07:06,219.58999633789062,48.96609878540039,25.68000030517578,38.91999816894531,167.8000030517578,26.815000534057617,72.19000244140625,75.44499969482422
12:07:43,219.52999877929688,48.9900016784668,25.640100479125977,38.880001068115234,167.77000427246094,26.799999237060547,72.16999816894531,75.45999908447266
12:08:13,219.64999389648438,48.90999984741211,25.610000610351562,38.8650016784668,167.75880432128906,26.799999237060547,72.18000030517578,75.44259643554688
12:08:43,219.48500061035156,48.87099838256836,25.6200008392334,38.86000061035156,167.77000427246094,26.799999237060547,72.18000030517578,75.37000274658203
12:09:17,219.5,48.88999938964844,25.56570053100586,38.86000061035156,167.86000061035156,26.801000595092773,72.19000244140625,75.4000015258789
12:09:50,219.55999755859375,48.845001220703125,25.56999969482422,38.8650016784668,167.91000366210938,26.809999465942383,72.19000244140625,75.42520141601562
12:10:33,219.5500030517578,48.689998626708984,25.53499984741211,38.84000015258789,167.89999389648438,26.80500030517578,72.11000061035156,75.27999877929688
12:11:03,219.58999633789062,48.720001220703125,25.499300003051758,38.84000015258789,167.88999938964844,26.80500030517578,72.1500015258789,75.3093032836914
12:11:37,219.6300048828125,48.720001220703125,25.51689910888672,38.84000015258789,167.9600067138672,26.80500030517578,72.16000366210938,75.4000015258789
12:12:19,219.52999877929688,48.82500076293945,25.5,38.849998474121094,167.97999572753906,26.791000366210938,72.13999938964844,75.4000015258789
12:12:53,219.27999877929688,48.702701568603516,25.485000610351562,38.81999969482422,167.94000244140625,26.795000076293945,72.08999633789062,75.22000122070312
12:13:23,219.11000061035156,48.77000045776367,25.43000030517578,38.79999923706055,167.9199981689453,26.780000686645508,72.08000183105469,75.30000305175781
12:13:53,219.14999389648438,48.7400016784668,25.459999084472656,38.81999969482422,167.9600067138672,26.790000915527344,72.11000061035156,75.3301010131836
12:14:32,219.2200927734375,48.899898529052734,25.469999313354492,38.83000183105469,167.97999572753906,26.780000686645508,72.12999725341797,75.1500015258789
12:15:05,219.07000732421875,48.7400016784668,25.510000228881836,38.81999969482422,167.9199981689453,26.780799865722656,72.11000061035156,75.29000091552734
12:15:35,218.9600067138672,48.809600830078125,25.472999572753906,38.81999969482422,167.8699951171875,26.770000457763672,72.0999984741211,75.20999908447266
12:16:05,218.8300018310547,48.81269836425781,25.46500015258789,38.79999923706055,167.85000610351562,26.780000686645508,72.12999725341797,75.20999908447266
12:16:35,218.968994140625,48.900001525878906,25.40999984741211,38.82939910888672,167.89999389648438,26.78499984741211,72.12999725341797,75.3989028930664
12:17:15,219.16000366210938,48.849998474121094,25.449800491333008,38.869998931884766,167.94000244140625,26.790000915527344,72.1500015258789,75.3499984741211
12:18:01,218.94500732421875,48.8380012512207,25.395000457763672,38.86000061035156,167.91000366210938,26.790000915527344,72.12000274658203,75.25990295410156
12:18:31,218.98989868164062,48.841800689697266,25.350000381469727,38.849998474121094,167.77000427246094,26.770000457763672,72.08000183105469,75.28379821777344
12:19:01,218.7301025390625,48.768001556396484,25.299999237060547,38.814998626708984,167.77000427246094,26.75,72.06999969482422,75.09880065917969
12:19:31,218.81149291992188,48.7599983215332,25.280099868774414,38.79999923706055,167.8300018310547,26.75,72.04000091552734,74.98999786376953
12:20:01,218.9398956298828,48.75,25.31999969482422,38.83000183105469,167.9499969482422,26.770000457763672,72.11000061035156,74.87000274658203
12:20:46,218.7100067138672,48.68000030517578,25.312299728393555,38.79999923706055,167.83999633789062,26.760000228881836,72.08000183105469,74.86000061035156
12:21:17,218.6699981689453,48.680198669433594,25.249900817871094,38.79999923706055,167.80999755859375,26.760000228881836,72.05999755859375,74.69709777832031
12:21:47,218.61000061035156,48.68000030517578,25.090099334716797,38.790000915527344,167.7100067138672,26.75320053100586,72.04000091552734,74.55000305175781
12:22:17,218.38999938964844,48.650001525878906,25.064199447631836,38.79999923706055,167.77000427246094,26.77989959716797,72.08000183105469,74.66999816894531
12:22:56,218.5399932861328,48.75,24.989999771118164,38.810001373291016,167.6750030517578,26.778099060058594,72.05149841308594,74.80000305175781
12:23:26,218.52999877929688,48.75,25.0,38.79999923706055,167.63999938964844,26.760000228881836,72.0199966430664,74.77799987792969
12:23:56,218.61000061035156,48.724998474121094,24.991600036621094,38.83000183105469,167.6199951171875,26.76409912109375,71.98999786376953,74.80999755859375
12:24:30,218.4398956298828,48.72999954223633,24.924999237060547,38.81800079345703,167.56300354003906,26.770000457763672,72.0,74.81999969482422
12:25:00,218.3000030517578,48.74789810180664,24.863100051879883,38.78269958496094,167.4499969482422,26.760000228881836,71.9800033569336,74.58999633789062
12:25:30,218.2899932861328,48.72999954223633,24.899999618530273,38.779998779296875,167.4499969482422,26.7549991607666,72.0,74.5999984741211
12:26:00,218.13999938964844,48.70909881591797,24.899999618530273,38.7599983215332,167.5,26.75,71.9800033569336,74.52429962158203
12:26:34,217.8699951171875,48.5099983215332,24.84000015258789,38.709999084472656,167.43499755859375,26.7450008392334,71.97000122070312,74.41000366210938
12:27:04,217.8300018310547,48.56990051269531,24.84000015258789,38.709999084472656,167.3699951171875,26.735000610351562,71.94000244140625,74.45999908447266
12:27:34,217.80999755859375,48.61000061035156,24.860000610351562,38.709999084472656,167.35000610351562,26.739999771118164,71.97000122070312,74.44000244140625
12:28:19,217.88490295410156,48.560699462890625,24.81999969482422,38.68000030517578,167.47999572753906,26.7450008392334,71.95999908447266,74.56999969482422
12:29:00,218.05099487304688,48.47999954223633,24.909500122070312,38.65999984741211,167.42999267578125,26.735000610351562,71.94000244140625,74.55000305175781
12:29:32,218.0800018310547,48.558998107910156,24.93000030517578,38.66999816894531,167.36000061035156,26.739999771118164,71.94000244140625,74.70999908447266
12:30:07,218.0800018310547,48.5,24.899999618530273,38.63999938964844,167.2550048828125,26.719999313354492,71.88999938964844,74.5999984741211
12:30:37,217.99000549316406,48.52000045776367,24.897499084472656,38.65999984741211,167.35569763183594,26.729999542236328,71.9000015258789,74.5999984741211
12:31:26,218.05999755859375,48.41999816894531,24.844999313354492,38.65999984741211,167.4199981689453,26.735000610351562,71.94999694824219,74.69000244140625
12:32:06,218.2100067138672,48.41999816894531,24.879899978637695,38.689998626708984,167.44000244140625,26.739999771118164,71.9800033569336,74.76000213623047
12:32:41,218.1199951171875,48.41999816894531,24.75,38.69499969482422,167.39999389648438,26.725000381469727,71.94770050048828,74.83000183105469
12:33:16,218.1199951171875,48.49300003051758,24.75,38.689998626708984,167.44000244140625,26.729999542236328,71.943603515625,74.9000015258789
12:33:57,218.03160095214844,48.47999954223633,24.68000030517578,38.68000030517578,167.4600067138672,26.719999313354492,71.91000366210938,74.75
12:34:27,217.77999877929688,48.18000030517578,24.6299991607666,38.66999816894531,167.25,26.71500015258789,71.88999938964844,74.58000183105469
12:34:57,217.6300048828125,48.29999923706055,24.610000610351562,38.665000915527344,167.19000244140625,26.700000762939453,71.87999725341797,74.51110076904297
12:35:27,217.67999267578125,48.227699279785156,24.509899139404297,38.6525993347168,167.2100067138672,26.706899642944336,71.88999938964844,74.66000366210938
12:36:03,217.9199981689453,48.08000183105469,24.424999237060547,38.650001525878906,167.24000549316406,26.719999313354492,71.91999816894531,74.66999816894531
12:36:33,217.96240234375,48.069400787353516,24.549999237060547,38.665000915527344,167.2899932861328,26.71500015258789,71.91000366210938,74.8010025024414
12:37:12,217.97000122070312,48.04499816894531,24.459999084472656,38.63999938964844,167.25999450683594,26.709999084472656,71.88999938964844,74.57649993896484
12:37:47,217.7949981689453,47.951499938964844,24.288400650024414,38.65999984741211,167.3000030517578,26.725000381469727,71.9000015258789,74.59989929199219
12:38:23,217.61000061035156,48.03300094604492,24.329999923706055,38.6349983215332,167.25999450683594,26.709999084472656,71.87999725341797,74.5
12:38:57,217.61000061035156,47.880001068115234,24.415000915527344,38.650001525878906,167.32000732421875,26.709999084472656,71.91000366210938,74.5
12:39:27,217.68499755859375,47.97999954223633,24.450000762939453,38.66999816894531,167.33999633789062,26.719999313354492,71.94000244140625,74.54000091552734
12:39:57,217.97000122070312,48.0,24.434999465942383,38.689998626708984,167.3000030517578,26.700000762939453,71.91000366210938,74.47000122070312
12:40:32,217.67010498046875,47.880001068115234,24.440000534057617,38.65999984741211,167.32000732421875,26.68000030517578,71.86000061035156,74.4000015258789
12:41:02,217.66000366210938,47.888099670410156,24.44300079345703,38.65999984741211,167.30999755859375,26.68630027770996,71.91000366210938,74.47000122070312
12:41:36,217.97000122070312,47.9900016784668,24.5049991607666,38.70000076293945,167.406005859375,26.704999923706055,71.93000030517578,74.52999877929688
12:42:06,218.02000427246094,48.006900787353516,24.420000076293945,38.689998626708984,167.39999389648438,26.700000762939453,71.93000030517578,74.43879699707031
12:42:36,217.9499969482422,48.15169906616211,24.540000915527344,38.70000076293945,167.39500427246094,26.71500015258789,71.94999694824219,74.5
12:43:06,218.1300048828125,48.12770080566406,24.614999771118164,38.71500015258789,167.4600067138672,26.71500015258789,71.9800033569336,74.83000183105469
12:43:36,218.24000549316406,48.25,24.655000686645508,38.720001220703125,167.4600067138672,26.704999923706055,71.94999694824219,74.80000305175781
12:44:06,218.25,48.16669845581055,24.679899215698242,38.71500015258789,167.49000549316406,26.719999313354492,71.96900177001953,74.70999908447266
12:44:41,218.3000030517578,48.28689956665039,24.75,38.709999084472656,167.38999938964844,26.71500015258789,71.93000030517578,74.76020050048828
12:45:21,218.30999755859375,48.329200744628906,24.631000518798828,38.72999954223633,167.39999389648438,26.725000381469727,71.98999786376953,74.9000015258789
12:45:52,218.41000366210938,48.29999923706055,24.69499969482422,38.7400016784668,167.44000244140625,26.72800064086914,71.98999786376953,75.0
12:46:22,218.4199981689453,48.36000061035156,24.760000228881836,38.7599983215332,167.39999389648438,26.72640037536621,71.97000122070312,74.98999786376953
12:47:03,218.3867950439453,48.290401458740234,24.780000686645508,38.810001373291016,167.39999389648438,26.729999542236328,72.01000213623047,75.08000183105469
12:47:33,218.5301055908203,48.3849983215332,24.738500595092773,38.810001373291016,167.47000122070312,26.735000610351562,72.0199966430664,75.1146011352539
12:48:03,218.55999755859375,48.589500427246094,24.670000076293945,38.79999923706055,167.42999267578125,26.725000381469727,71.9800033569336,75.08000183105469
12:48:47,218.25999450683594,48.34000015258789,24.610000610351562,38.78499984741211,167.3699951171875,26.704999923706055,71.94000244140625,74.91449737548828
12:49:44,218.30999755859375,48.470001220703125,24.649999618530273,38.7599983215332,167.4167022705078,26.709999084472656,71.97000122070312,75.0365982055664
12:50:14,218.49000549316406,48.4900016784668,24.649999618530273,38.779998779296875,167.44000244140625,26.725000381469727,72.0,75.0999984741211
12:50:44,218.2899932861328,48.310001373291016,24.6299991607666,38.7400016784668,167.33999633789062,26.703100204467773,71.94000244140625,74.94999694824219
12:51:36,218.38999938964844,48.403499603271484,24.600099563598633,38.75,167.3800048828125,26.704999923706055,71.97000122070312,75.02999877929688
12:52:21,218.35000610351562,48.400001525878906,24.604999542236328,38.7599983215332,167.30999755859375,26.709999084472656,71.94999694824219,75.01959991455078
12:52:55,218.32899475097656,48.349998474121094,24.633100509643555,38.75,167.27000427246094,26.700000762939453,71.91999816894531,74.95999908447266
12:53:28,218.33529663085938,48.29999923706055,24.6299991607666,38.7400016784668,167.19000244140625,26.700000762939453,71.93000030517578,74.98500061035156
12:54:02,218.63999938964844,48.35499954223633,24.718599319458008,38.77000045776367,167.3800048828125,26.729999542236328,71.97000122070312,75.19999694824219
12:54:32,218.8699951171875,48.45989990234375,24.762500762939453,38.790000915527344,167.27999877929688,26.719999313354492,71.95999908447266,75.17749786376953
12:55:02,218.98309326171875,48.42959976196289,24.829999923706055,38.810001373291016,167.41000366210938,26.73390007019043,72.0,75.2300033569336
12:55:32,219.10000610351562,48.45000076293945,24.83769989013672,38.86000061035156,167.4499969482422,26.739999771118164,72.02999877929688,75.29010009765625
12:56:02,219.09249877929688,48.389801025390625,24.854999542236328,38.849998474121094,167.4499969482422,26.729999542236328,72.0,75.33090209960938
12:56:46,219.0399932861328,48.416099548339844,24.8799991607666,38.83000183105469,167.47000122070312,26.729999542236328,72.02999877929688,75.36000061035156
12:57:25,218.9600067138672,48.3849983215332,24.84000015258789,38.79999923706055,167.47000122070312,26.719999313354492,72.01000213623047,75.33000183105469
12:58:19,219.2100067138672,48.417301177978516,24.94729995727539,38.849998474121094,167.52999877929688,26.735000610351562,72.02999877929688,75.43000030517578
12:58:49,219.27000427246094,48.36140060424805,24.940000534057617,38.84000015258789,167.50999450683594,26.729999542236328,72.01000213623047,75.36990356445312
12:59:23,219.1992950439453,48.369998931884766,24.850000381469727,38.810001373291016,167.47999572753906,26.719999313354492,71.97000122070312,75.22979736328125
13:00:13,219.02999877929688,48.126399993896484,24.860000610351562,38.79999923706055,167.4199981689453,26.700000762939453,71.94999694824219,75.22010040283203
13:00:48,218.89999389648438,48.06460189819336,24.799999237060547,38.790000915527344,167.38999938964844,26.69540023803711,71.94999694824219,75.06009674072266
13:01:18,218.92999267578125,48.1599006652832,24.780000686645508,38.80500030517578,167.38999938964844,26.700000762939453,71.94999694824219,74.9563980102539
13:02:04,218.83999633789062,48.099998474121094,24.780000686645508,38.814998626708984,167.36000061035156,26.69499969482422,71.94000244140625,75.01280212402344
13:02:34,218.8800048828125,48.099998474121094,24.772199630737305,38.79999923706055,167.36000061035156,26.690000534057617,71.94000244140625,74.9728012084961
13:03:08,218.88999938964844,48.01259994506836,24.735000610351562,38.810001373291016,167.2899932861328,26.686800003051758,71.91999816894531,74.83999633789062
13:03:38,218.75999450683594,48.03179931640625,24.655000686645508,38.779998779296875,167.25,26.674999237060547,71.9000015258789,74.8302993774414
13:04:08,218.83999633789062,48.125,24.645000457763672,38.810001373291016,167.32000732421875,26.685100555419922,71.93260192871094,74.85990142822266
13:04:57,218.88499450683594,48.0099983215332,24.625,38.84000015258789,167.36000061035156,26.69499969482422,71.9363021850586,74.85160064697266
13:05:37,218.97999572753906,48.099998474121094,24.610000610351562,38.84000015258789,167.33689880371094,26.684999465942383,71.91000366210938,74.77999877929688
13:06:07,218.90260314941406,47.99300003051758,24.610000610351562,38.81999969482422,167.30999755859375,26.68000030517578,71.91000366210938,74.83000183105469
13:06:37,218.88999938964844,47.91999816894531,24.600000381469727,38.81999969482422,167.32000732421875,26.68000030517578,71.93000030517578,74.85420227050781
13:07:16,218.88999938964844,47.829498291015625,24.59000015258789,38.826900482177734,167.27999877929688,26.684200286865234,71.9000015258789,74.80000305175781
13:07:46,218.86000061035156,47.849998474121094,24.522499084472656,38.810001373291016,167.27999877929688,26.68000030517578,71.9000015258789,74.79000091552734
13:08:16,218.97000122070312,47.83290100097656,24.503000259399414,38.790000915527344,167.22999572753906,26.68000030517578,71.87999725341797,74.69999694824219
13:08:46,218.61000061035156,47.749900817871094,24.440000534057617,38.77000045776367,167.2100067138672,26.65999984741211,71.83999633789062,74.61699676513672
13:09:16,218.6199951171875,47.73189926147461,24.415000915527344,38.755001068115234,167.13999938964844,26.65999984741211,71.83000183105469,74.7489013671875
13:09:46,218.3699951171875,47.59360122680664,24.40999984741211,38.77000045776367,167.07000732421875,26.674999237060547,71.87999725341797,74.68930053710938
13:10:24,218.6580047607422,47.608699798583984,24.489999771118164,38.814998626708984,167.1699981689453,26.68829917907715,71.91999816894531,74.83090209960938
13:11:07,218.57009887695312,47.439998626708984,24.479999542236328,38.810001373291016,167.1999969482422,26.700000762939453,71.91000366210938,74.77999877929688
13:11:43,218.58999633789062,47.54999923706055,24.489999771118164,38.810001373291016,167.14309692382812,26.700000762939453,71.9000015258789,74.88999938964844
13:12:18,218.74000549316406,47.599998474121094,24.549999237060547,38.849998474121094,167.27999877929688,26.735000610351562,71.9800033569336,75.0541000366211
13:12:48,218.9199981689453,47.71500015258789,24.579999923706055,38.83100128173828,167.27999877929688,26.729999542236328,71.94999694824219,75.06999969482422
13:13:18,219.08999633789062,47.640098571777344,24.57469940185547,38.84000015258789,167.25,26.729999542236328,71.9800033569336,75.06999969482422
13:13:52,219.2436981201172,47.70800018310547,24.649999618530273,38.86000061035156,167.2899932861328,26.7450008392334,71.98999786376953,75.12999725341797
13:14:22,219.38999938964844,47.72779846191406,24.670000076293945,38.88999938964844,167.4600067138672,26.75,72.0199966430664,75.16999816894531
13:14:52,219.27999877929688,47.76959991455078,24.68000030517578,38.880001068115234,167.42579650878906,26.75,72.0,75.2300033569336
13:15:26,219.33999633789062,47.650001525878906,24.58009910583496,38.915000915527344,167.33999633789062,26.74209976196289,71.97000122070312,75.11000061035156
13:16:11,219.63999938964844,47.89310073852539,24.639999389648438,38.94499969482422,167.49000549316406,26.770000457763672,72.06999969482422,75.2699966430664
13:16:41,219.64979553222656,47.84280014038086,24.709999084472656,38.91999816894531,167.44000244140625,26.78499984741211,72.05000305175781,75.36990356445312
13:17:12,219.5500946044922,47.799598693847656,24.65999984741211,38.90999984741211,167.52000427246094,26.76099967956543,72.0199966430664,75.3102035522461
13:18:02,219.65899658203125,47.810001373291016,24.683500289916992,38.900001525878906,167.52000427246094,26.80500030517578,72.04000091552734,75.33999633789062
13:18:42,219.5500030517578,47.7400016784668,24.646799087524414,38.880001068115234,167.46749877929688,26.790000915527344,72.04000091552734,75.33000183105469
13:19:36,219.57730102539062,47.689998626708984,24.610000610351562,38.869998931884766,167.42999267578125,26.784299850463867,72.0,75.16000366210938
13:20:25,219.3000030517578,47.529998779296875,24.59000015258789,38.84000015258789,167.39999389648438,26.78499984741211,72.0,75.15630340576172
13:21:05,219.3000030517578,47.30099868774414,24.6200008392334,38.86000061035156,167.41799926757812,26.790000915527344,72.01000213623047,75.18000030517578
13:21:35,219.38400268554688,47.33729934692383,24.645000457763672,38.86000061035156,167.3699951171875,26.785499572753906,71.98999786376953,75.13999938964844
13:22:19,219.33999633789062,47.40999984741211,24.635000228881836,38.8650016784668,167.33999633789062,26.790000915527344,71.98999786376953,75.22000122070312
13:22:54,219.3699951171875,47.400001525878906,24.610000610351562,38.869998931884766,167.3800048828125,26.780000686645508,71.9800033569336,75.30000305175781
13:23:32,219.56900024414062,47.4900016784668,24.620100021362305,38.869998931884766,167.3800048828125,26.786699295043945,71.97000122070312,75.16000366210938
13:24:10,219.6300048828125,47.40999984741211,24.63010025024414,38.88999938964844,167.36000061035156,26.78499984741211,71.99829864501953,75.19999694824219
13:24:40,219.67300415039062,47.439998626708984,24.625,38.900001525878906,167.36000061035156,26.770000457763672,71.9800033569336,75.1500015258789
13:25:10,219.66000366210938,47.5,24.600000381469727,38.90999984741211,167.3699951171875,26.774099349975586,71.98999786376953,75.0999984741211
13:25:46,219.72999572753906,47.45000076293945,24.625,38.93000030517578,167.47000122070312,26.780000686645508,72.01000213623047,75.20999908447266
13:26:16,219.7100067138672,47.34299850463867,24.600000381469727,38.939998626708984,167.42999267578125,26.755699157714844,71.9800033569336,75.16999816894531
13:26:51,219.5800018310547,47.18960189819336,24.549999237060547,38.93000030517578,167.3699951171875,26.75,71.94999694824219,74.95999908447266
13:27:21,219.38839721679688,47.15700149536133,24.46820068359375,38.935001373291016,167.32000732421875,26.75,71.94999694824219,74.91999816894531
13:27:51,219.55999755859375,47.25859832763672,24.459999084472656,38.939998626708984,167.35000610351562,26.7549991607666,71.95999908447266,74.9303970336914
13:28:35,219.5500030517578,47.20949935913086,24.59000015258789,38.95000076293945,167.35000610351562,26.770000457763672,71.9800033569336,75.19000244140625
13:29:19,219.74989318847656,47.35499954223633,24.729999542236328,38.97999954223633,167.4199981689453,26.760000228881836,71.9800033569336,75.0999984741211
13:29:49,219.77999877929688,47.32709884643555,24.75,39.005001068115234,167.4499969482422,26.770000457763672,71.9800033569336,75.19609832763672
13:30:19,219.7100067138672,47.310001373291016,24.725000381469727,38.97999954223633,167.4199981689453,26.760000228881836,72.01000213623047,75.1688003540039
13:30:58,219.8800048828125,47.34000015258789,24.8799991607666,39.0,167.4499969482422,26.770000457763672,71.98999786376953,75.18939971923828
13:31:31,219.77999877929688,47.379600524902344,24.809999465942383,38.9900016784668,167.5,26.774999618530273,71.9800033569336,75.18000030517578
13:32:11,219.92999267578125,47.27119827270508,24.829999923706055,38.9900016784668,167.472900390625,26.774999618530273,71.97000122070312,75.20999908447266
13:32:51,219.86000061035156,47.33000183105469,24.809999465942383,39.0,167.42999267578125,26.774999618530273,71.9800033569336,75.16999816894531
13:33:31,220.02499389648438,47.331600189208984,24.8700008392334,39.04999923706055,167.42999267578125,26.763200759887695,71.9800033569336,75.15010070800781
13:34:01,219.97000122070312,47.36000061035156,24.81800079345703,39.06999969482422,167.42999267578125,26.760000228881836,71.9749984741211,75.22000122070312
13:34:31,219.99000549316406,47.310001373291016,24.850000381469727,39.09000015258789,167.4138946533203,26.770000457763672,71.95999908447266,75.26000213623047
13:35:06,220.0,47.42340087890625,24.860000610351562,39.08000183105469,167.39999389648438,26.764999389648438,71.93000030517578,75.27629852294922
13:35:36,219.74000549316406,47.42300033569336,24.860000610351562,39.064998626708984,167.3300018310547,26.760000228881836,71.93000030517578,75.13999938964844
13:36:06,219.77999877929688,47.34000015258789,24.889999389648438,39.09000015258789,167.3300018310547,26.765899658203125,71.93000030517578,75.18000030517578
13:36:36,219.8000030517578,47.37590026855469,24.959999084472656,39.09000015258789,167.3699951171875,26.774999618530273,71.94999694824219,75.2041015625
13:37:20,219.66000366210938,47.25,24.939899444580078,39.08000183105469,167.35000610351562,26.760000228881836,71.93000030517578,75.16999816894531
13:37:56,219.6298065185547,47.343299865722656,24.889999389648438,39.064998626708984,167.3800048828125,26.76180076599121,71.93000030517578,75.1500015258789
13:38:26,219.50999450683594,47.31999969482422,24.899999618530273,39.06999969482422,167.41000366210938,26.770000457763672,71.94000244140625,75.13999938964844
13:39:06,219.55999755859375,47.297298431396484,24.891000747680664,39.06999969482422,167.39999389648438,26.760000228881836,71.91000366210938,75.12760162353516
13:39:38,219.6199951171875,47.28459930419922,24.8799991607666,39.06999969482422,167.36000061035156,26.760000228881836,71.9000015258789,75.13999938964844
13:40:13,219.50999450683594,47.28710174560547,24.84000015258789,39.06999969482422,167.3699951171875,26.77549934387207,71.94000244140625,75.1500015258789
13:40:43,219.75999450683594,47.29999923706055,24.875099182128906,39.06999969482422,167.3699951171875,26.77389907836914,71.94000244140625,75.16310119628906
13:41:23,219.89999389648438,47.35810089111328,24.934999465942383,39.060001373291016,167.38999938964844,26.780000686645508,71.94000244140625,75.19000244140625
13:41:54,219.74000549316406,47.220001220703125,24.929899215698242,39.01499938964844,167.414306640625,26.774999618530273,71.91999816894531,75.09639739990234
13:42:24,219.66000366210938,46.81999969482422,24.899999618530273,39.005001068115234,167.33999633789062,26.7549991607666,71.9000015258789,74.7699966430664
13:42:54,219.47999572753906,46.880001068115234,24.8700008392334,39.02000045776367,167.3800048828125,26.754199981689453,71.9000015258789,74.78199768066406
13:43:24,219.3300018310547,46.891998291015625,24.810100555419922,39.02000045776367,167.33999633789062,26.739999771118164,71.88999938964844,74.75
13:43:54,219.20010375976562,46.88990020751953,24.7731990814209,39.0099983215332,167.3300018310547,26.74679946899414,71.88999938964844,74.72000122070312
13:44:27,219.1999969482422,46.84870147705078,24.81999969482422,38.9900016784668,167.32000732421875,26.7367000579834,71.88510131835938,74.81999969482422
13:45:02,219.30299377441406,46.739898681640625,24.78499984741211,38.970001220703125,167.30999755859375,26.740100860595703,71.9000015258789,74.69999694824219
13:45:33,219.30099487304688,46.83000183105469,24.815000534057617,39.0099983215332,167.41000366210938,26.75,71.90499877929688,74.78990173339844
13:46:21,219.14999389648438,46.650001525878906,24.84000015258789,39.0,167.3800048828125,26.75,71.88999938964844,74.73999786376953
13:46:55,219.3300018310547,46.61000061035156,24.8799991607666,39.02000045776367,167.3800048828125,26.760000228881836,71.93000030517578,74.80010223388672
13:47:45,219.32000732421875,46.64699935913086,24.864099502563477,39.0099983215332,167.3800048828125,26.750099182128906,71.91000366210938,74.9000015258789
13:48:29,219.3000946044922,46.54999923706055,24.844499588012695,39.0,167.3800048828125,26.7450008392334,71.91999816894531,74.85649871826172
13:48:59,219.3000030517578,46.5099983215332,24.86319923400879,39.02000045776367,167.27000427246094,26.7549991607666,71.94000244140625,74.87010192871094
13:49:43,219.42999267578125,46.53010177612305,24.850000381469727,39.02000045776367,167.35000610351562,26.76959991455078,71.94999694824219,74.87480163574219
13:50:18,219.5399932861328,46.439998626708984,24.850000381469727,39.02000045776367,167.3800048828125,26.762699127197266,71.94999694824219,74.83000183105469
13:50:48,219.2899932861328,46.45000076293945,24.81529998779297,39.0099983215332,167.35000610351562,26.76569938659668,71.94000244140625,74.87989807128906
13:51:22,219.34500122070312,46.560001373291016,24.760000228881836,39.0099983215332,167.36000061035156,26.770000457763672,71.95500183105469,74.85540008544922
13:51:52,219.44000244140625,46.56159973144531,24.729999542236328,39.0,167.3699951171875,26.774999618530273,71.94999694824219,74.8499984741211
13:52:26,219.25999450683594,46.56999969482422,24.719999313354492,38.97999954223633,167.2899932861328,26.759899139404297,71.91999816894531,74.80999755859375
13:52:56,219.32000732421875,46.56520080566406,24.786300659179688,39.0,167.27999877929688,26.770000457763672,71.91999816894531,74.81999969482422
13:53:26,219.16990661621094,46.565399169921875,24.753000259399414,38.95000076293945,167.26510620117188,26.75,71.88999938964844,74.76909637451172
13:53:56,219.2100067138672,46.68000030517578,24.7632999420166,38.939998626708984,167.2100067138672,26.756399154663086,71.87000274658203,74.69999694824219
13:54:26,218.97000122070312,46.54999923706055,24.725000381469727,38.93230056762695,167.1699981689453,26.74250030517578,71.87000274658203,74.66000366210938
13:54:56,219.07000732421875,46.61000061035156,24.75,38.95000076293945,167.1699981689453,26.75,71.87999725341797,74.72000122070312
13:55:45,219.17999267578125,46.599998474121094,24.78499984741211,38.93000030517578,167.2100067138672,26.75,71.86000061035156,74.80059814453125
13:56:25,219.16709899902344,46.63999938964844,24.809999465942383,38.93000030517578,167.08999633789062,26.739999771118164,71.86990356445312,74.73999786376953
13:57:01,219.25,46.709999084472656,24.834999084472656,38.93000030517578,167.10000610351562,26.739999771118164,71.87000274658203,74.72000122070312
13:57:31,219.226806640625,46.79899978637695,24.829999923706055,38.91999816894531,167.11000061035156,26.739999771118164,71.86250305175781,74.80999755859375
13:58:01,219.27000427246094,46.71839904785156,24.84000015258789,38.91999816894531,167.1199951171875,26.739999771118164,71.87999725341797,74.80000305175781
13:58:41,219.0399932861328,46.619998931884766,24.774999618530273,38.900001525878906,167.1199951171875,26.71500015258789,71.83999633789062,74.80650329589844
13:59:11,218.92999267578125,46.54999923706055,24.760000228881836,38.900001525878906,167.0399932861328,26.725000381469727,71.86000061035156,74.72000122070312
13:59:49,219.07000732421875,46.27920150756836,24.770000457763672,38.93000030517578,167.05999755859375,26.719999313354492,71.87999725341797,74.72000122070312
14:00:30,218.99000549316406,46.189998626708984,24.729999542236328,38.93000030517578,167.0800018310547,26.710100173950195,71.86710357666016,74.75
14:01:25,219.0,46.275001525878906,24.71660041809082,38.91999816894531,167.05999755859375,26.704999923706055,71.83000183105469,74.65499877929688
14:01:55,218.9499969482422,46.2599983215332,24.709999084472656,38.95000076293945,167.07000732421875,26.709999084472656,71.84500122070312,74.66000366210938
14:02:33,218.75,46.25,24.68000030517578,38.90999984741211,167.02999877929688,26.690099716186523,71.80999755859375,74.5886001586914
14:03:03,218.8000030517578,46.22999954223633,24.68000030517578,38.88999938964844,167.0500030517578,26.684999465942383,71.80999755859375,74.4800033569336
14:03:38,218.66000366210938,46.18000030517578,24.635000228881836,38.86000061035156,167.02999877929688,26.684999465942383,71.80010223388672,74.43499755859375
14:04:08,218.4499969482422,46.19940185546875,24.600000381469727,38.83000183105469,167.0,26.65999984741211,71.73999786376953,74.37999725341797
14:04:38,218.35000610351562,46.10060119628906,24.594999313354492,38.79999923706055,167.0,26.641000747680664,71.72000122070312,74.37000274658203
14:05:08,218.27960205078125,45.88999938964844,24.579999923706055,38.790000915527344,167.0,26.639999389648438,71.72000122070312,74.26000213623047
14:05:43,218.27999877929688,45.86000061035156,24.625,38.790000915527344,167.02000427246094,26.610000610351562,71.6500015258789,74.37000274658203
14:06:28,217.9965057373047,45.65999984741211,24.56999969482422,38.779998779296875,166.9949951171875,26.600000381469727,71.62000274658203,74.27999877929688
14:06:58,217.97889709472656,45.66999816894531,24.56100082397461,38.75,167.02999877929688,26.594999313354492,71.5999984741211,74.2300033569336
14:07:28,217.97230529785156,45.6327018737793,24.540000915527344,38.7599983215332,167.02499389648438,26.610000610351562,71.5999984741211,74.12999725341797
14:08:06,218.0399932861328,45.650001525878906,24.549999237060547,38.75,167.02999877929688,26.616600036621094,71.58999633789062,74.09089660644531
14:08:50,218.16000366210938,45.53960037231445,24.559999465942383,38.75,166.97000122070312,26.614999771118164,71.58000183105469,74.11000061035156
14:09:34,218.22500610351562,45.557498931884766,24.594999313354492,38.7400016784668,166.9499969482422,26.6200008392334,71.58999633789062,74.26000213623047
14:10:23,218.33999633789062,45.754600524902344,24.670000076293945,38.7400016784668,166.91000366210938,26.6200008392334,71.58000183105469,74.30999755859375
14:10:53,218.32000732421875,45.73569869995117,24.649999618530273,38.75,166.89999389648438,26.6299991607666,71.61000061035156,74.44989776611328
14:11:24,218.52169799804688,45.852500915527344,24.68000030517578,38.779998779296875,166.9499969482422,26.6299991607666,71.62999725341797,74.47029876708984
14:11:54,218.5500030517578,45.98500061035156,24.66990089416504,38.790000915527344,167.02999877929688,26.639999389648438,71.66999816894531,74.62989807128906
14:12:24,218.47999572753906,45.901100158691406,24.665000915527344,38.77000045776367,166.96499633789062,26.625,71.63999938964844,74.50990295410156
14:13:19,218.44839477539062,45.959999084472656,24.709999084472656,38.7400016784668,166.92999267578125,26.6299991607666,71.6500015258789,74.54000091552734
14:13:49,218.45010375976562,45.70000076293945,24.709999084472656,38.72999954223633,166.94000244140625,26.625,71.63999938964844,74.47000122070312
14:14:19,218.57730102539062,45.810001373291016,24.749900817871094,38.73099899291992,167.0,26.63010025024414,71.63999938964844,74.4000015258789
14:14:49,218.52000427246094,45.87699890136719,24.729999542236328,38.70000076293945,166.9600067138672,26.6299991607666,71.62000274658203,74.37999725341797
14:15:29,218.4199981689453,45.900001525878906,24.75,38.70000076293945,166.94000244140625,26.628299713134766,71.5999984741211,74.16000366210938
14:16:05,218.3800048828125,46.119998931884766,24.719999313354492,38.709999084472656,166.88999938964844,26.6299991607666,71.61000061035156,74.31999969482422
14:16:40,218.3800048828125,46.189998626708984,24.674999237060547,38.709999084472656,166.82000732421875,26.63990020751953,71.59329986572266,74.27999877929688
14:17:20,218.22000122070312,46.150001525878906,24.68000030517578,38.709999084472656,166.74000549316406,26.639999389648438,71.56999969482422,74.3499984741211
14:17:50,218.19580078125,46.160099029541016,24.690000534057617,38.70500183105469,166.74000549316406,26.639999389648438,71.58999633789062,74.30249786376953
14:18:28,218.27000427246094,46.0099983215332,24.680099487304688,38.720001220703125,166.75,26.649999618530273,71.56999969482422,74.24929809570312
14:18:59,218.1699981689453,45.95000076293945,24.639999389648438,38.70000076293945,166.75,26.640100479125977,71.5999984741211,74.19000244140625
14:19:34,218.35000610351562,45.91999816894531,24.69499969482422,38.720001220703125,166.97169494628906,26.665000915527344,71.63999938964844,74.20500183105469
14:20:04,218.30999755859375,45.88750076293945,24.719999313354492,38.720001220703125,166.89390563964844,26.65999984741211,71.63500213623047,74.13999938964844
14:20:34,218.1999969482422,45.83000183105469,24.700000762939453,38.72999954223633,166.8699951171875,26.65999984741211,71.66999816894531,74.18000030517578
14:21:20,218.58999633789062,45.84989929199219,24.829999923706055,38.790000915527344,167.07000732421875,26.684999465942383,71.71990203857422,74.23999786376953
14:21:50,218.42999267578125,45.83000183105469,24.790000915527344,38.779998779296875,167.02999877929688,26.68000030517578,71.69000244140625,74.30000305175781
14:22:20,218.55990600585938,45.75,24.770000457763672,38.79999923706055,167.10000610351562,26.69499969482422,71.73999786376953,74.48999786376953
14:22:50,218.67999267578125,45.865699768066406,24.829999923706055,38.779998779296875,167.10000610351562,26.690000534057617,71.75,74.51000213623047
14:23:20,218.61000061035156,45.935001373291016,24.829999923706055,38.77000045776367,167.07000732421875,26.68269920349121,71.75,74.44999694824219
14:24:05,218.92999267578125,46.059898376464844,24.91990089416504,38.810001373291016,167.14999389648438,26.70800018310547,71.76000213623047,74.56620025634766
14:24:35,218.80999755859375,46.08250045776367,24.90999984741211,38.81999969482422,167.1649932861328,26.700000762939453,71.73999786376953,74.49299621582031
14:25:10,218.83999633789062,46.06999969482422,24.899999618530273,38.81999969482422,167.14999389648438,26.700000762939453,71.75,74.62899780273438
14:26:00,218.85000610351562,46.02470016479492,24.860000610351562,38.790000915527344,167.16000366210938,26.709999084472656,71.7300033569336,74.66999816894531
14:26:44,218.77000427246094,46.04899978637695,24.813800811767578,38.79499816894531,167.1699981689453,26.700000762939453,71.7300033569336,74.48999786376953
14:27:36,218.66000366210938,46.130001068115234,24.76129913330078,38.779998779296875,167.0926055908203,26.700000762939453,71.69999694824219,74.43000030517578
14:28:20,218.7100067138672,46.220001220703125,24.71500015258789,38.79999923706055,167.10499572753906,26.700000762939453,71.7300033569336,74.52999877929688
14:28:51,218.66000366210938,46.307899475097656,24.690000534057617,38.790000915527344,167.16000366210938,26.700000762939453,71.7300033569336,74.44999694824219
14:29:26,218.61000061035156,46.36000061035156,24.672800064086914,38.790000915527344,167.14999389648438,26.69499969482422,71.70999908447266,74.5198974609375
14:30:06,218.61000061035156,46.37990188598633,24.645000457763672,38.79999923706055,167.1999969482422,26.69499969482422,71.69999694824219,74.37000274658203
14:30:44,218.4600067138672,46.29999923706055,24.600000381469727,38.810001373291016,167.1300048828125,26.670000076293945,71.66999816894531,74.3499984741211
14:31:14,218.5,46.282100677490234,24.614999771118164,38.790000915527344,167.1199951171875,26.670000076293945,71.69000244140625,74.37000274658203
14:31:56,218.57949829101562,46.220001220703125,24.665000915527344,38.79499816894531,167.17269897460938,26.68000030517578,71.70999908447266,74.45999908447266
14:32:30,218.58999633789062,46.119998931884766,24.649999618530273,38.81999969482422,167.2100067138672,26.684999465942383,71.7300033569336,74.43000030517578
14:33:00,218.72999572753906,46.189998626708984,24.704999923706055,38.83000183105469,167.2100067138672,26.700000762939453,71.75,74.62000274658203
14:33:30,218.72000122070312,46.35499954223633,24.65999984741211,38.83000183105469,167.25,26.700000762939453,71.7300033569336,74.59110260009766
14:34:00,218.7899932861328,46.45109939575195,24.68000030517578,38.849998474121094,167.27000427246094,26.703800201416016,71.75,74.5647964477539
14:34:30,218.7100067138672,46.43239974975586,24.709999084472656,38.875,167.27000427246094,26.704999923706055,71.75,74.4800033569336
14:35:14,218.61000061035156,46.351200103759766,24.690000534057617,38.869998931884766,167.22000122070312,26.700000762939453,71.75669860839844,74.42500305175781
14:35:59,218.6999969482422,46.380001068115234,24.710100173950195,38.90999984741211,167.29299926757812,26.725799560546875,71.80000305175781,74.52999877929688
14:36:29,218.77999877929688,46.45000076293945,24.700000762939453,38.900001525878906,167.22000122070312,26.719100952148438,71.77999877929688,74.5198974609375
14:36:59,218.75999450683594,46.5099983215332,24.68000030517578,38.92499923706055,167.22000122070312,26.712600708007812,71.79000091552734,74.49259948730469
14:37:39,218.889892578125,46.529998779296875,24.671499252319336,38.939998626708984,167.2429962158203,26.719999313354492,71.81500244140625,74.44000244140625
14:38:09,218.9499969482422,46.5625,24.719999313354492,38.959999084472656,167.3699951171875,26.729999542236328,71.83000183105469,74.48999786376953
14:38:39,218.75999450683594,46.540000915527344,24.704999923706055,38.93000030517578,167.25999450683594,26.71380043029785,71.79000091552734,74.4000015258789
14:39:22,218.8000030517578,46.7400016784668,24.725000381469727,38.95750045776367,167.16000366210938,26.719999313354492,71.77999877929688,74.43939971923828
14:40:01,218.8699951171875,46.74549865722656,24.704999923706055,38.959999084472656,167.17999267578125,26.716800689697266,71.76000213623047,74.4000015258789
14:40:35,218.94000244140625,46.689998626708984,24.700000762939453,39.0,167.16000366210938,26.71500015258789,71.7750015258789,74.52999877929688
14:41:05,218.82000732421875,46.700199127197266,24.670000076293945,38.97999954223633,167.1300048828125,26.704999923706055,71.73999786376953,74.43250274658203
14:41:39,218.93460083007812,46.78070068359375,24.690000534057617,39.0099983215332,167.18600463867188,26.714000701904297,71.75309753417969,74.4800033569336
14:42:13,218.91690063476562,46.790000915527344,24.690000534057617,39.01499938964844,167.16000366210938,26.709999084472656,71.75,74.44010162353516
14:42:51,218.88999938964844,46.767601013183594,24.645000457763672,39.005001068115234,167.1999969482422,26.69339942932129,71.73999786376953,74.38999938964844
14:43:27,218.83999633789062,46.53110122680664,24.645000457763672,39.0,167.19000244140625,26.700000762939453,71.73999786376953,74.38600158691406
14:43:57,218.7899932861328,46.445701599121094,24.639999389648438,38.98500061035156,167.14999389648438,26.695199966430664,71.73999786376953,74.4011001586914
14:44:35,218.74000549316406,46.41999816894531,24.595199584960938,38.959999084472656,167.17999267578125,26.68000030517578,71.72000122070312,74.28959655761719
14:45:05,218.6699981689453,46.47999954223633,24.600000381469727,38.97999954223633,167.1300048828125,26.684999465942383,71.7300033569336,74.33699798583984
14:45:38,218.75,46.470001220703125,24.610000610351562,38.95000076293945,167.19000244140625,26.68000030517578,71.72000122070312,74.36499786376953
14:46:17,218.7899932861328,46.489601135253906,24.61009979248047,38.95500183105469,167.1999969482422,26.684099197387695,71.72000122070312,74.3499984741211
14:47:02,218.7899932861328,46.4900016784668,24.59000015258789,38.959999084472656,167.17999267578125,26.683300018310547,71.7300033569336,74.31999969482422
14:47:41,218.8300018310547,46.55500030517578,24.635000228881836,38.939998626708984,167.3300018310547,26.693500518798828,71.74500274658203,74.51000213623047
14:48:22,218.8300018310547,46.58000183105469,24.639999389648438,38.939998626708984,167.22000122070312,26.690000534057617,71.69000244140625,74.37999725341797
14:48:56,218.78269958496094,46.5885009765625,24.610000610351562,38.959999084472656,167.25,26.68000030517578,71.72000122070312,74.44999694824219
14:49:30,219.11160278320312,46.619998931884766,24.674999237060547,38.959999084472656,167.36000061035156,26.709999084472656,71.77999877929688,74.57710266113281
14:50:00,219.1699981689453,46.72019958496094,24.704999923706055,38.95000076293945,167.36050415039062,26.719999313354492,71.77999877929688,74.58789825439453
14:50:30,219.38999938964844,46.76499938964844,24.662500381469727,38.93000030517578,167.3300018310547,26.719999313354492,71.7699966430664,74.65599822998047
14:51:01,219.2779998779297,46.72999954223633,24.66010093688965,38.93000030517578,167.29049682617188,26.719999313354492,71.7699966430664,74.62999725341797
14:51:51,219.25070190429688,46.6864013671875,24.673500061035156,38.939998626708984,167.29930114746094,26.71500015258789,71.75,74.58999633789062
14:52:38,219.3769989013672,46.698001861572266,24.670000076293945,38.959999084472656,167.3300018310547,26.725000381469727,71.76000213623047,74.58000183105469
14:53:08,219.35360717773438,46.650001525878906,24.65850067138672,38.939998626708984,167.3000030517578,26.714599609375,71.75,74.56990051269531
14:53:53,219.27999877929688,46.616600036621094,24.614999771118164,38.93000030517578,167.27000427246094,26.71500015258789,71.7698974609375,74.55000305175781
14:54:23,219.30999755859375,46.52859878540039,24.61009979248047,38.91999816894531,167.3157958984375,26.709999084472656,71.7699966430664,74.55000305175781
14:54:53,219.25999450683594,46.5099983215332,24.584999084472656,38.922298431396484,167.3300018310547,26.705900192260742,71.73999786376953,74.5
14:55:23,219.2415008544922,46.470001220703125,24.59000015258789,38.93000030517578,167.3300018310547,26.714799880981445,71.75499725341797,74.5199966430664
14:56:02,219.3000030517578,46.5,24.575199127197266,38.91999816894531,167.33999633789062,26.709999084472656,71.72000122070312,74.5199966430664
14:56:32,219.25,46.470001220703125,24.550100326538086,38.91999816894531,167.3300018310547,26.709999084472656,71.72630310058594,74.62000274658203
14:57:02,219.1699981689453,46.47999954223633,24.540000915527344,38.880001068115234,167.3000030517578,26.711599349975586,71.70999908447266,74.55000305175781
14:57:32,219.19000244140625,46.34000015258789,24.493600845336914,38.880001068115234,167.25,26.71500015258789,71.70500183105469,74.57039642333984
14:58:02,219.16749572753906,46.439998626708984,24.559999465942383,38.900001525878906,167.27999877929688,26.725000381469727,71.72000122070312,74.6500015258789
14:58:42,219.13999938964844,46.45009994506836,24.555200576782227,38.90999984741211,167.2899932861328,26.725000381469727,71.71990203857422,74.63749694824219
14:59:21,218.86000061035156,46.48500061035156,24.4950008392334,38.880001068115234,167.16000366210938,26.713699340820312,71.68000030517578,74.52999877929688
14:59:51,218.83999633789062,46.400001525878906,24.5049991607666,38.880001068115234,167.17999267578125,26.710800170898438,71.69000244140625,74.5199966430664
15:00:21,218.9600067138672,46.10499954223633,24.510000228881836,38.88999938964844,167.1999969482422,26.719900131225586,71.69999694824219,74.55999755859375
15:01:06,219.10000610351562,46.09989929199219,24.540000915527344,38.88999938964844,167.1699981689453,26.708200454711914,71.66999816894531,74.55889892578125
15:01:44,219.07000732421875,46.11669921875,24.50349998474121,38.849998474121094,167.1605987548828,26.69499969482422,71.66000366210938,74.51000213623047
15:02:14,219.0800018310547,46.189998626708984,24.475000381469727,38.83000183105469,167.10000610351562,26.690000534057617,71.66000366210938,74.47000122070312
15:02:44,219.08999633789062,46.170101165771484,24.5,38.83000183105469,167.08999633789062,26.69499969482422,71.66999816894531,74.44499969482422
15:03:28,218.88999938964844,46.26900100708008,24.479999542236328,38.81159973144531,167.02000427246094,26.684999465942383,71.63999938964844,74.38990020751953
15:03:58,218.9199981689453,46.32789993286133,24.431100845336914,38.810001373291016,167.00999450683594,26.670000076293945,71.60260009765625,74.36000061035156
15:04:28,218.9199981689453,46.34000015258789,24.43000030517578,38.790000915527344,166.9949951171875,26.650100708007812,71.52999877929688,74.30999755859375
15:05:06,218.98159790039062,46.325199127197266,24.40999984741211,38.779998779296875,167.02000427246094,26.652999877929688,71.5199966430664,74.26219940185547
15:05:39,219.1300048828125,46.33000183105469,24.420000076293945,38.79999923706055,167.08999633789062,26.665000915527344,71.55000305175781,74.31500244140625
15:06:33,219.10000610351562,46.279998779296875,24.43000030517578,38.810001373291016,167.0800018310547,26.665000915527344,71.55000305175781,74.3499984741211
15:07:17,219.00999450683594,46.289100646972656,24.44099998474121,38.81999969482422,167.13999938964844,26.655000686645508,71.5199966430664,74.29000091552734
15:07:52,219.08990478515625,46.349998474121094,24.43000030517578,38.82500076293945,167.10000610351562,26.655000686645508,71.5199966430664,74.2699966430664
15:08:32,219.07000732421875,46.34189987182617,24.399999618530273,38.82500076293945,167.10000610351562,26.664100646972656,71.54000091552734,74.27999877929688
15:09:14,219.1300048828125,46.35499954223633,24.440000534057617,38.845001220703125,167.0850067138672,26.665000915527344,71.55000305175781,74.33000183105469
15:09:47,219.2100067138672,46.380001068115234,24.459999084472656,38.84000015258789,167.10000610351562,26.665000915527344,71.55000305175781,74.31749725341797
15:10:26,219.22999572753906,46.400001525878906,24.466899871826172,38.84000015258789,167.1392059326172,26.665300369262695,71.55999755859375,74.4000015258789
15:10:59,219.27000427246094,46.46989822387695,24.5,38.86000061035156,167.10499572753906,26.670000076293945,71.55999755859375,74.34030151367188
15:11:34,219.26499938964844,46.439998626708984,24.459999084472656,38.86000061035156,167.1199951171875,26.674999237060547,71.55999755859375,74.35130310058594
15:12:18,219.19000244140625,46.36119842529297,24.40999984741211,38.84000015258789,167.07000732421875,26.655000686645508,71.52999877929688,74.2509994506836
15:12:52,219.21749877929688,46.33000183105469,24.40999984741211,38.86750030517578,167.13999938964844,26.66010093688965,71.54000091552734,74.22000122070312
15:13:22,219.1300048828125,46.31999969482422,24.40130043029785,38.849998474121094,167.13999938964844,26.665000915527344,71.55989837646484,74.31999969482422
15:14:00,219.32000732421875,46.37260055541992,24.424999237060547,38.86000061035156,167.10000610351562,26.666799545288086,71.55000305175781,74.2699966430664
15:14:33,219.27000427246094,46.31999969482422,24.404300689697266,38.849998474121094,167.1175994873047,26.65999984741211,71.55999755859375,74.2300033569336
15:15:05,219.22999572753906,46.31999969482422,24.354999542236328,38.83000183105469,167.10000610351562,26.665000915527344,71.54000091552734,74.16999816894531
15:15:46,219.22000122070312,46.29999923706055,24.360000610351562,38.83000183105469,167.08999633789062,26.65999984741211,71.5199966430664,74.2300033569336
15:16:16,219.1300048828125,46.27000045776367,24.327199935913086,38.79999923706055,167.07000732421875,26.639999389648438,71.48999786376953,74.15599822998047
15:16:46,218.97999572753906,46.20000076293945,24.27669906616211,38.80500030517578,167.1199951171875,26.63990020751953,71.48999786376953,74.12999725341797
15:17:16,219.00999450683594,46.34000015258789,24.269899368286133,38.82899856567383,167.14999389648438,26.642499923706055,71.50499725341797,74.13999938964844
15:17:52,218.89999389648438,46.29999923706055,24.26740074157715,38.81999969482422,167.13999938964844,26.649999618530273,71.53500366210938,74.15029907226562
15:18:34,219.13999938964844,46.400001525878906,24.280000686645508,38.849998474121094,167.17999267578125,26.674999237060547,71.55500030517578,74.19999694824219
15:19:05,219.25999450683594,46.45500183105469,24.270000457763672,38.869998931884766,167.24000549316406,26.690000534057617,71.61499786376953,74.29000091552734
15:19:35,219.44500732421875,46.564998626708984,24.315000534057617,38.880001068115234,167.3300018310547,26.700000762939453,71.62000274658203,74.30999755859375
15:20:05,219.47999572753906,46.59000015258789,24.299999237060547,38.89500045776367,167.35499572753906,26.69499969482422,71.62000274658203,74.3373031616211
15:20:35,219.45269775390625,46.58000183105469,24.290000915527344,38.904998779296875,167.36000061035156,26.6968994140625,71.62999725341797,74.30000305175781
15:21:17,219.63259887695312,46.68130111694336,24.31999969482422,38.92499923706055,167.38999938964844,26.69499969482422,71.6500015258789,74.31500244140625
15:21:47,219.39999389648438,46.654998779296875,24.309999465942383,38.92499923706055,167.4199981689453,26.69499969482422,71.63999938964844,74.30000305175781
15:22:31,219.30999755859375,46.693199157714844,24.219999313354492,38.88999938964844,167.3699951171875,26.690000534057617,71.5999984741211,74.2699966430664
15:23:18,219.38999938964844,46.71009826660156,24.21500015258789,38.875,167.36000061035156,26.684999465942383,71.55999755859375,74.2698974609375
15:24:01,219.16000366210938,46.65999984741211,24.110599517822266,38.875,167.32000732421875,26.674999237060547,71.54000091552734,74.20999908447266
15:24:37,219.2100067138672,46.58000183105469,24.0802001953125,38.909000396728516,167.3300018310547,26.68000030517578,71.55000305175781,74.12999725341797
15:25:11,219.16000366210938,46.57400131225586,24.045000076293945,38.900001525878906,167.33999633789062,26.684999465942383,71.58000183105469,74.2300033569336
15:25:41,219.30999755859375,46.54079818725586,24.020000457763672,38.939998626708984,167.3800048828125,26.704999923706055,71.58999633789062,74.24500274658203
15:26:11,219.3300018310547,46.5098991394043,24.020000457763672,38.939998626708984,167.42059326171875,26.71500015258789,71.5999984741211,74.32579803466797
15:26:41,219.5749969482422,46.4995002746582,24.024999618530273,38.959999084472656,167.52999877929688,26.729999542236328,71.63999938964844,74.36000061035156
15:27:11,219.5399932861328,46.540000915527344,23.90999984741211,38.97999954223633,167.52000427246094,26.719999313354492,71.63999938964844,74.33000183105469
15:27:41,219.42999267578125,46.470001220703125,23.941699981689453,38.97999954223633,167.5800018310547,26.729999542236328,71.6500015258789,74.33999633789062
15:28:25,219.6199951171875,46.52170181274414,23.979999542236328,38.970001220703125,167.5500030517578,26.729999542236328,71.66000366210938,74.35169982910156
15:29:05,219.8800048828125,46.619998931884766,23.985000610351562,38.97999954223633,167.61000061035156,26.736299514770508,71.72419738769531,74.41000366210938
15:29:36,219.84959411621094,46.599998474121094,24.014999389648438,38.9900016784668,167.5500030517578,26.7450008392334,71.7300033569336,74.44000244140625
15:30:08,219.82969665527344,46.579498291015625,23.950000762939453,38.9900016784668,167.51210021972656,26.735000610351562,71.69000244140625,74.37000274658203
15:30:56,219.72000122070312,46.529998779296875,23.829999923706055,38.96500015258789,167.5399932861328,26.73200035095215,71.69999694824219,74.34010314941406
15:31:41,219.67999267578125,46.54999923706055,23.7549991607666,38.95000076293945,167.5449981689453,26.729999542236328,71.69000244140625,74.36499786376953
15:32:26,219.6988983154297,46.5,23.649999618530273,38.970001220703125,167.6199951171875,26.735000610351562,71.67829895019531,74.37139892578125
15:32:56,219.7100067138672,46.54990005493164,23.760000228881836,38.97999954223633,167.6300048828125,26.735000610351562,71.66000366210938,74.39990234375
15:33:35,219.8000030517578,46.5,23.84000015258789,38.97999954223633,167.66000366210938,26.75,71.66480255126953,74.45010375976562
15:34:05,219.83009338378906,46.45000076293945,23.850099563598633,38.97999954223633,167.75,26.760000228881836,71.66999816894531,74.47000122070312
15:34:35,219.82000732421875,46.60499954223633,23.83880043029785,38.970001220703125,167.77999877929688,26.7549991607666,71.66999816894531,74.48500061035156
15:35:10,219.74000549316406,46.57680130004883,23.799999237060547,38.959999084472656,167.75999450683594,26.7450008392334,71.6500015258789,74.38999938964844
15:35:48,219.74000549316406,46.601600646972656,23.84000015258789,38.96500015258789,167.92999267578125,26.739999771118164,71.66000366210938,74.43009948730469
15:36:18,219.9499969482422,46.7400016784668,23.899999618530273,38.96500015258789,167.85000610351562,26.735000610351562,71.66999816894531,74.45999908447266
15:36:48,219.85000610351562,46.75,23.875,38.970001220703125,167.88499450683594,26.735000610351562,71.66000366210938,74.45999908447266
15:37:27,219.85000610351562,46.75899887084961,23.907699584960938,39.0,167.88999938964844,26.735000610351562,71.66999816894531,74.47000122070312
15:38:03,219.77000427246094,46.78010177612305,23.915000915527344,39.0099983215332,167.8800048828125,26.735000610351562,71.66999816894531,74.44000244140625
15:38:33,219.83999633789062,46.7328987121582,23.96500015258789,39.005001068115234,167.92999267578125,26.735000610351562,71.69000244140625,74.41999816894531
15:39:06,219.74000549316406,46.709999084472656,23.959999084472656,38.98500061035156,167.9199981689453,26.735000610351562,71.69000244140625,74.41000366210938
15:39:36,219.61000061035156,46.72999954223633,23.940000534057617,38.9900016784668,167.83999633789062,26.725000381469727,71.66999816894531,74.41000366210938
15:40:07,219.69000244140625,46.689998626708984,23.860000610351562,38.9900016784668,167.85000610351562,26.719999313354492,71.6500015258789,74.38999938964844
15:40:37,219.72000122070312,46.62369918823242,23.850000381469727,38.994998931884766,167.8300018310547,26.719999313354492,71.6500015258789,74.36000061035156
15:41:07,219.63999938964844,46.56999969482422,23.934999465942383,38.9900016784668,167.86000061035156,26.709999084472656,71.62999725341797,74.27999877929688
15:41:37,219.6699981689453,46.529998779296875,23.90999984741211,38.9900016784668,167.91000366210938,26.700000762939453,71.625,74.31999969482422
15:42:07,219.7899932861328,46.56999969482422,23.93000030517578,39.0,167.9600067138672,26.715299606323242,71.6500015258789,74.37000274658203
15:42:59,219.75999450683594,46.61000061035156,23.940099716186523,39.0,167.9499969482422,26.716899871826172,71.6449966430664,74.34639739990234
15:43:49,219.82000732421875,46.599998474121094,23.924999237060547,39.0,167.99000549316406,26.709999084472656,71.63999938964844,74.36000061035156
15:44:19,219.8300018310547,46.650001525878906,23.9950008392334,39.0,168.0,26.71139907836914,71.66999816894531,74.36000061035156
15:44:54,219.85000610351562,46.66999816894531,23.989999771118164,39.02000045776367,168.02999877929688,26.729999542236328,71.69000244140625,74.38500213623047
15:45:24,219.97999572753906,46.70000076293945,23.968599319458008,39.040000915527344,168.0749969482422,26.746700286865234,71.69000244140625,74.44999694824219
15:45:54,219.97000122070312,46.65999984741211,23.950000762939453,39.0099983215332,167.9949951171875,26.739999771118164,71.66000366210938,74.44999694824219
15:46:34,219.7899932861328,46.70000076293945,23.949899673461914,38.97999954223633,168.02000427246094,26.739900588989258,71.62999725341797,74.33999633789062
15:47:04,219.7899932861328,46.68000030517578,23.956600189208984,38.970001220703125,168.02499389648438,26.725000381469727,71.62999725341797,74.25
15:47:34,219.77000427246094,46.724998474121094,23.950000762939453,38.970001220703125,168.08999633789062,26.729900360107422,71.62000274658203,74.2699966430664
15:48:04,219.77000427246094,46.76340103149414,23.93000030517578,38.959999084472656,168.11000061035156,26.72010040283203,71.62000274658203,74.30999755859375
15:48:34,219.8800048828125,46.79999923706055,23.96500015258789,38.959999084472656,168.11000061035156,26.725000381469727,71.63999938964844,74.3499984741211
15:49:19,219.97000122070312,46.74689865112305,23.975000381469727,38.970001220703125,168.07000732421875,26.725000381469727,71.66999816894531,74.31999969482422
15:49:49,219.8800048828125,46.75,23.989999771118164,38.97999954223633,168.0,26.719999313354492,71.65499877929688,74.31500244140625
